-7.5,-10.5,Madagascar
-7.5,-9.75,Saint Helena
-7.5,-9.0,Saint Helena
-7.5,-8.25,Saint Helena
-7.5,-7.5,Saint Helena
-7.5,-6.75,Saint Helena
-7.5,-6.0,Saint Helena
-7.5,-5.25,Saint Helena
-7.5,-4.5,Saint Helena
-7.5,-3.75,Saint Helena
-7.5,-3.0,Saint Helena
-7.5,-2.25,Saint Helena
-7.5,-1.5,Saint Helena
-7.5,-0.75,Equatorial Guinea
-7.5,0.0,Equatorial Guinea
-7.5,0.75,Equatorial Guinea
-7.5,1.5,Equatorial Guinea
-7.5,2.25,Equatorial Guinea
-7.5,3.0,Equatorial Guinea
-7.5,3.75,Equatorial Guinea
-7.5,4.5,Equatorial Guinea
-7.5,5.25,Equatorial Guinea
-7.5,6.0,Equatorial Guinea
-7.5,6.75,Equatorial Guinea
-7.5,7.5,Gabon
-7.5,8.25,Angola
-7.5,9.0,Angola
-7.5,9.75,Angola
-7.5,10.5,Angola
-7.5,11.25,Angola
-7.5,12.0,Angola
-7.5,12.75,Angola
-7.5,13.5,Angola
-7.5,14.25,Angola
-7.5,15.0,Angola
-7.5,15.75,Angola
-7.5,16.5,Angola
-7.5,17.25,"Congo, The Democratic Republic of the"
-7.5,18.0,"Congo, The Democratic Republic of the"
-7.5,18.75,"Congo, The Democratic Republic of the"
-7.5,19.5,"Congo, The Democratic Republic of the"
-7.5,20.25,Angola
-7.5,21.0,Angola
-7.5,21.75,Angola
-7.5,22.5,Angola
-7.5,23.25,"Congo, The Democratic Republic of the"
-7.5,24.0,"Congo, The Democratic Republic of the"
-7.5,24.75,"Congo, The Democratic Republic of the"
-7.5,25.5,"Congo, The Democratic Republic of the"
-7.5,26.25,"Congo, The Democratic Republic of the"
-7.5,27.0,"Congo, The Democratic Republic of the"
-7.5,27.75,"Congo, The Democratic Republic of the"
-7.5,28.5,"Congo, The Democratic Republic of the"
-7.5,29.25,Zambia
-7.5,30.0,Zambia
-7.5,30.75,"Tanzania, United Republic of"
-7.5,31.5,"Tanzania, United Republic of"
-7.5,32.25,"Tanzania, United Republic of"
-7.5,33.0,"Tanzania, United Republic of"
-7.5,33.75,"Tanzania, United Republic of"
-7.5,34.5,"Tanzania, United Republic of"
-7.5,35.25,"Tanzania, United Republic of"
-7.5,36.0,"Tanzania, United Republic of"
-7.5,36.75,"Tanzania, United Republic of"
-7.5,37.5,"Tanzania, United Republic of"
-7.5,38.25,"Tanzania, United Republic of"
-7.5,39.0,"Tanzania, United Republic of"
-7.5,39.75,"Tanzania, United Republic of"
-7.5,40.5,"Tanzania, United Republic of"
-7.5,41.25,"Tanzania, United Republic of"
-7.5,42.0,"Tanzania, United Republic of"
-7.5,42.75,"Tanzania, United Republic of"
-7.5,43.5,"Tanzania, United Republic of"
-7.5,44.25,"Tanzania, United Republic of"
-7.5,45.0,Comoros
-7.5,45.75,Comoros
-7.5,46.5,Comoros
-7.5,47.25,Comoros
-7.5,48.0,Madagascar
-7.5,48.75,Madagascar
-7.5,49.5,Madagascar
-7.5,50.25,Madagascar
-7.5,51.0,Madagascar
-6.75,-10.5,Madagascar
-6.75,-9.75,Saint Helena
-6.75,-9.0,Saint Helena
-6.75,-8.25,Saint Helena
-6.75,-7.5,Saint Helena
-6.75,-6.75,Saint Helena
-6.75,-6.0,Saint Helena
-6.75,-5.25,Saint Helena
-6.75,-4.5,Saint Helena
-6.75,-3.75,Saint Helena
-6.75,-3.0,Saint Helena
-6.75,-2.25,Saint Helena
-6.75,-1.5,Equatorial Guinea
-6.75,-0.75,Equatorial Guinea
-6.75,0.0,Equatorial Guinea
-6.75,0.75,Equatorial Guinea
-6.75,1.5,Equatorial Guinea
-6.75,2.25,Equatorial Guinea
-6.75,3.0,Equatorial Guinea
-6.75,3.75,Equatorial Guinea
-6.75,4.5,Equatorial Guinea
-6.75,5.25,Equatorial Guinea
-6.75,6.0,Equatorial Guinea
-6.75,6.75,Equatorial Guinea
-6.75,7.5,Gabon
-6.75,8.25,Gabon
-6.75,9.0,Gabon
-6.75,9.75,Angola
-6.75,10.5,Angola
-6.75,11.25,Angola
-6.75,12.0,Angola
-6.75,12.75,Angola
-6.75,13.5,Angola
-6.75,14.25,Angola
-6.75,15.0,Angola
-6.75,15.75,Angola
-6.75,16.5,Angola
-6.75,17.25,"Congo, The Democratic Republic of the"
-6.75,18.0,"Congo, The Democratic Republic of the"
-6.75,18.75,"Congo, The Democratic Republic of the"
-6.75,19.5,"Congo, The Democratic Republic of the"
-6.75,20.25,"Congo, The Democratic Republic of the"
-6.75,21.0,"Congo, The Democratic Republic of the"
-6.75,21.75,"Congo, The Democratic Republic of the"
-6.75,22.5,"Congo, The Democratic Republic of the"
-6.75,23.25,"Congo, The Democratic Republic of the"
-6.75,24.0,"Congo, The Democratic Republic of the"
-6.75,24.75,"Congo, The Democratic Republic of the"
-6.75,25.5,"Congo, The Democratic Republic of the"
-6.75,26.25,"Congo, The Democratic Republic of the"
-6.75,27.0,"Congo, The Democratic Republic of the"
-6.75,27.75,"Congo, The Democratic Republic of the"
-6.75,28.5,"Congo, The Democratic Republic of the"
-6.75,29.25,"Congo, The Democratic Republic of the"
-6.75,30.0,"Congo, The Democratic Republic of the"
-6.75,30.75,"Tanzania, United Republic of"
-6.75,31.5,"Tanzania, United Republic of"
-6.75,32.25,"Tanzania, United Republic of"
-6.75,33.0,"Tanzania, United Republic of"
-6.75,33.75,"Tanzania, United Republic of"
-6.75,34.5,"Tanzania, United Republic of"
-6.75,35.25,"Tanzania, United Republic of"
-6.75,36.0,"Tanzania, United Republic of"
-6.75,36.75,"Tanzania, United Republic of"
-6.75,37.5,"Tanzania, United Republic of"
-6.75,38.25,"Tanzania, United Republic of"
-6.75,39.0,"Tanzania, United Republic of"
-6.75,39.75,"Tanzania, United Republic of"
-6.75,40.5,"Tanzania, United Republic of"
-6.75,41.25,"Tanzania, United Republic of"
-6.75,42.0,"Tanzania, United Republic of"
-6.75,42.75,"Tanzania, United Republic of"
-6.75,43.5,"Tanzania, United Republic of"
-6.75,44.25,"Tanzania, United Republic of"
-6.75,45.0,"Tanzania, United Republic of"
-6.75,45.75,Comoros
-6.75,46.5,Comoros
-6.75,47.25,Comoros
-6.75,48.0,Madagascar
-6.75,48.75,Madagascar
-6.75,49.5,Madagascar
-6.75,50.25,Madagascar
-6.75,51.0,Seychelles
-6.0,-10.5,Seychelles
-6.0,-9.75,Saint Helena
-6.0,-9.0,Saint Helena
-6.0,-8.25,Saint Helena
-6.0,-7.5,Saint Helena
-6.0,-6.75,Saint Helena
-6.0,-6.0,Saint Helena
-6.0,-5.25,Saint Helena
-6.0,-4.5,Saint Helena
-6.0,-3.75,Saint Helena
-6.0,-3.0,Saint Helena
-6.0,-2.25,Equatorial Guinea
-6.0,-1.5,Equatorial Guinea
-6.0,-0.75,Equatorial Guinea
-6.0,0.0,Equatorial Guinea
-6.0,0.75,Equatorial Guinea
-6.0,1.5,Equatorial Guinea
-6.0,2.25,Equatorial Guinea
-6.0,3.0,Equatorial Guinea
-6.0,3.75,Equatorial Guinea
-6.0,4.5,Equatorial Guinea
-6.0,5.25,Equatorial Guinea
-6.0,6.0,Equatorial Guinea
-6.0,6.75,Equatorial Guinea
-6.0,7.5,Gabon
-6.0,8.25,Gabon
-6.0,9.0,Gabon
-6.0,9.75,Gabon
-6.0,10.5,Congo
-6.0,11.25,Angola
-6.0,12.0,Angola
-6.0,12.75,"Congo, The Democratic Republic of the"
-6.0,13.5,"Congo, The Democratic Republic of the"
-6.0,14.25,"Congo, The Democratic Republic of the"
-6.0,15.0,Angola
-6.0,15.75,"Congo, The Democratic Republic of the"
-6.0,16.5,"Congo, The Democratic Republic of the"
-6.0,17.25,"Congo, The Democratic Republic of the"
-6.0,18.0,"Congo, The Democratic Republic of the"
-6.0,18.75,"Congo, The Democratic Republic of the"
-6.0,19.5,"Congo, The Democratic Republic of the"
-6.0,20.25,"Congo, The Democratic Republic of the"
-6.0,21.0,"Congo, The Democratic Republic of the"
-6.0,21.75,"Congo, The Democratic Republic of the"
-6.0,22.5,"Congo, The Democratic Republic of the"
-6.0,23.25,"Congo, The Democratic Republic of the"
-6.0,24.0,"Congo, The Democratic Republic of the"
-6.0,24.75,"Congo, The Democratic Republic of the"
-6.0,25.5,"Congo, The Democratic Republic of the"
-6.0,26.25,"Congo, The Democratic Republic of the"
-6.0,27.0,"Congo, The Democratic Republic of the"
-6.0,27.75,"Congo, The Democratic Republic of the"
-6.0,28.5,"Congo, The Democratic Republic of the"
-6.0,29.25,"Congo, The Democratic Republic of the"
-6.0,30.0,"Congo, The Democratic Republic of the"
-6.0,30.75,"Congo, The Democratic Republic of the"
-6.0,31.5,"Tanzania, United Republic of"
-6.0,32.25,"Tanzania, United Republic of"
-6.0,33.0,"Tanzania, United Republic of"
-6.0,33.75,"Tanzania, United Republic of"
-6.0,34.5,"Tanzania, United Republic of"
-6.0,35.25,"Tanzania, United Republic of"
-6.0,36.0,"Tanzania, United Republic of"
-6.0,36.75,"Tanzania, United Republic of"
-6.0,37.5,"Tanzania, United Republic of"
-6.0,38.25,"Tanzania, United Republic of"
-6.0,39.0,"Tanzania, United Republic of"
-6.0,39.75,"Tanzania, United Republic of"
-6.0,40.5,"Tanzania, United Republic of"
-6.0,41.25,"Tanzania, United Republic of"
-6.0,42.0,"Tanzania, United Republic of"
-6.0,42.75,"Tanzania, United Republic of"
-6.0,43.5,"Tanzania, United Republic of"
-6.0,44.25,"Tanzania, United Republic of"
-6.0,45.0,"Tanzania, United Republic of"
-6.0,45.75,"Tanzania, United Republic of"
-6.0,46.5,Comoros
-6.0,47.25,Comoros
-6.0,48.0,Comoros
-6.0,48.75,Madagascar
-6.0,49.5,Madagascar
-6.0,50.25,Seychelles
-6.0,51.0,Seychelles
-5.25,-10.5,Seychelles
-5.25,-9.75,Saint Helena
-5.25,-9.0,Saint Helena
-5.25,-8.25,Saint Helena
-5.25,-7.5,Saint Helena
-5.25,-6.75,Saint Helena
-5.25,-6.0,Saint Helena
-5.25,-5.25,Saint Helena
-5.25,-4.5,Saint Helena
-5.25,-3.75,Cote d'Ivoire
-5.25,-3.0,Equatorial Guinea
-5.25,-2.25,Equatorial Guinea
-5.25,-1.5,Equatorial Guinea
-5.25,-0.75,Equatorial Guinea
-5.25,0.0,Equatorial Guinea
-5.25,0.75,Equatorial Guinea
-5.25,1.5,Equatorial Guinea
-5.25,2.25,Equatorial Guinea
-5.25,3.0,Equatorial Guinea
-5.25,3.75,Equatorial Guinea
-5.25,4.5,Equatorial Guinea
-5.25,5.25,Equatorial Guinea
-5.25,6.0,Equatorial Guinea
-5.25,6.75,Equatorial Guinea
-5.25,7.5,Equatorial Guinea
-5.25,8.25,Gabon
-5.25,9.0,Gabon
-5.25,9.75,Gabon
-5.25,10.5,Gabon
-5.25,11.25,Congo
-5.25,12.0,Congo
-5.25,12.75,Angola
-5.25,13.5,"Congo, The Democratic Republic of the"
-5.25,14.25,"Congo, The Democratic Republic of the"
-5.25,15.0,"Congo, The Democratic Republic of the"
-5.25,15.75,"Congo, The Democratic Republic of the"
-5.25,16.5,"Congo, The Democratic Republic of the"
-5.25,17.25,"Congo, The Democratic Republic of the"
-5.25,18.0,"Congo, The Democratic Republic of the"
-5.25,18.75,"Congo, The Democratic Republic of the"
-5.25,19.5,"Congo, The Democratic Republic of the"
-5.25,20.25,"Congo, The Democratic Republic of the"
-5.25,21.0,"Congo, The Democratic Republic of the"
-5.25,21.75,"Congo, The Democratic Republic of the"
-5.25,22.5,"Congo, The Democratic Republic of the"
-5.25,23.25,"Congo, The Democratic Republic of the"
-5.25,24.0,"Congo, The Democratic Republic of the"
-5.25,24.75,"Congo, The Democratic Republic of the"
-5.25,25.5,"Congo, The Democratic Republic of the"
-5.25,26.25,"Congo, The Democratic Republic of the"
-5.25,27.0,"Congo, The Democratic Republic of the"
-5.25,27.75,"Congo, The Democratic Republic of the"
-5.25,28.5,"Congo, The Democratic Republic of the"
-5.25,29.25,"Congo, The Democratic Republic of the"
-5.25,30.0,"Tanzania, United Republic of"
-5.25,30.75,"Tanzania, United Republic of"
-5.25,31.5,"Tanzania, United Republic of"
-5.25,32.25,"Tanzania, United Republic of"
-5.25,33.0,"Tanzania, United Republic of"
-5.25,33.75,"Tanzania, United Republic of"
-5.25,34.5,"Tanzania, United Republic of"
-5.25,35.25,"Tanzania, United Republic of"
-5.25,36.0,"Tanzania, United Republic of"
-5.25,36.75,"Tanzania, United Republic of"
-5.25,37.5,"Tanzania, United Republic of"
-5.25,38.25,"Tanzania, United Republic of"
-5.25,39.0,"Tanzania, United Republic of"
-5.25,39.75,"Tanzania, United Republic of"
-5.25,40.5,"Tanzania, United Republic of"
-5.25,41.25,"Tanzania, United Republic of"
-5.25,42.0,"Tanzania, United Republic of"
-5.25,42.75,"Tanzania, United Republic of"
-5.25,43.5,"Tanzania, United Republic of"
-5.25,44.25,"Tanzania, United Republic of"
-5.25,45.0,"Tanzania, United Republic of"
-5.25,45.75,Kenya
-5.25,46.5,Somalia
-5.25,47.25,Somalia
-5.25,48.0,Somalia
-5.25,48.75,Madagascar
-5.25,49.5,Seychelles
-5.25,50.25,Seychelles
-5.25,51.0,Seychelles
-4.5,-10.5,Seychelles
-4.5,-9.75,Saint Helena
-4.5,-9.0,Saint Helena
-4.5,-8.25,Saint Helena
-4.5,-7.5,Saint Helena
-4.5,-6.75,Saint Helena
-4.5,-6.0,Saint Helena
-4.5,-5.25,Cote d'Ivoire
-4.5,-4.5,Cote d'Ivoire
-4.5,-3.75,Cote d'Ivoire
-4.5,-3.0,Ghana
-4.5,-2.25,Equatorial Guinea
-4.5,-1.5,Equatorial Guinea
-4.5,-0.75,Equatorial Guinea
-4.5,0.0,Equatorial Guinea
-4.5,0.75,Equatorial Guinea
-4.5,1.5,Equatorial Guinea
-4.5,2.25,Equatorial Guinea
-4.5,3.0,Equatorial Guinea
-4.5,3.75,Equatorial Guinea
-4.5,4.5,Equatorial Guinea
-4.5,5.25,Equatorial Guinea
-4.5,6.0,Equatorial Guinea
-4.5,6.75,Equatorial Guinea
-4.5,7.5,Equatorial Guinea
-4.5,8.25,Gabon
-4.5,9.0,Gabon
-4.5,9.75,Gabon
-4.5,10.5,Gabon
-4.5,11.25,Gabon
-4.5,12.0,Congo
-4.5,12.75,Congo
-4.5,13.5,Congo
-4.5,14.25,Congo
-4.5,15.0,Congo
-4.5,15.75,"Congo, The Democratic Republic of the"
-4.5,16.5,"Congo, The Democratic Republic of the"
-4.5,17.25,"Congo, The Democratic Republic of the"
-4.5,18.0,"Congo, The Democratic Republic of the"
-4.5,18.75,"Congo, The Democratic Republic of the"
-4.5,19.5,"Congo, The Democratic Republic of the"
-4.5,20.25,"Congo, The Democratic Republic of the"
-4.5,21.0,"Congo, The Democratic Republic of the"
-4.5,21.75,"Congo, The Democratic Republic of the"
-4.5,22.5,"Congo, The Democratic Republic of the"
-4.5,23.25,"Congo, The Democratic Republic of the"
-4.5,24.0,"Congo, The Democratic Republic of the"
-4.5,24.75,"Congo, The Democratic Republic of the"
-4.5,25.5,"Congo, The Democratic Republic of the"
-4.5,26.25,"Congo, The Democratic Republic of the"
-4.5,27.0,"Congo, The Democratic Republic of the"
-4.5,27.75,"Congo, The Democratic Republic of the"
-4.5,28.5,"Congo, The Democratic Republic of the"
-4.5,29.25,Burundi
-4.5,30.0,"Tanzania, United Republic of"
-4.5,30.75,"Tanzania, United Republic of"
-4.5,31.5,"Tanzania, United Republic of"
-4.5,32.25,"Tanzania, United Republic of"
-4.5,33.0,"Tanzania, United Republic of"
-4.5,33.75,"Tanzania, United Republic of"
-4.5,34.5,"Tanzania, United Republic of"
-4.5,35.25,"Tanzania, United Republic of"
-4.5,36.0,"Tanzania, United Republic of"
-4.5,36.75,"Tanzania, United Republic of"
-4.5,37.5,"Tanzania, United Republic of"
-4.5,38.25,"Tanzania, United Republic of"
-4.5,39.0,"Tanzania, United Republic of"
-4.5,39.75,Kenya
-4.5,40.5,Kenya
-4.5,41.25,"Tanzania, United Republic of"
-4.5,42.0,"Tanzania, United Republic of"
-4.5,42.75,"Tanzania, United Republic of"
-4.5,43.5,Kenya
-4.5,44.25,Kenya
-4.5,45.0,Kenya
-4.5,45.75,Somalia
-4.5,46.5,Somalia
-4.5,47.25,Somalia
-4.5,48.0,Somalia
-4.5,48.75,Somalia
-4.5,49.5,Seychelles
-4.5,50.25,Seychelles
-4.5,51.0,Seychelles
-3.75,-10.5,Seychelles
-3.75,-9.75,Saint Helena
-3.75,-9.0,Saint Helena
-3.75,-8.25,Saint Helena
-3.75,-7.5,Saint Helena
-3.75,-6.75,Saint Helena
-3.75,-6.0,Liberia
-3.75,-5.25,Cote d'Ivoire
-3.75,-4.5,Cote d'Ivoire
-3.75,-3.75,Cote d'Ivoire
-3.75,-3.0,Ghana
-3.75,-2.25,Ghana
-3.75,-1.5,Equatorial Guinea
-3.75,-0.75,Equatorial Guinea
-3.75,0.0,Equatorial Guinea
-3.75,0.75,Equatorial Guinea
-3.75,1.5,Equatorial Guinea
-3.75,2.25,Equatorial Guinea
-3.75,3.0,Equatorial Guinea
-3.75,3.75,Equatorial Guinea
-3.75,4.5,Equatorial Guinea
-3.75,5.25,Equatorial Guinea
-3.75,6.0,Equatorial Guinea
-3.75,6.75,Equatorial Guinea
-3.75,7.5,Equatorial Guinea
-3.75,8.25,Gabon
-3.75,9.0,Gabon
-3.75,9.75,Gabon
-3.75,10.5,Gabon
-3.75,11.25,Gabon
-3.75,12.0,Gabon
-3.75,12.75,Congo
-3.75,13.5,Congo
-3.75,14.25,Congo
-3.75,15.0,Congo
-3.75,15.75,Congo
-3.75,16.5,Congo
-3.75,17.25,"Congo, The Democratic Republic of the"
-3.75,18.0,"Congo, The Democratic Republic of the"
-3.75,18.75,"Congo, The Democratic Republic of the"
-3.75,19.5,"Congo, The Democratic Republic of the"
-3.75,20.25,"Congo, The Democratic Republic of the"
-3.75,21.0,"Congo, The Democratic Republic of the"
-3.75,21.75,"Congo, The Democratic Republic of the"
-3.75,22.5,"Congo, The Democratic Republic of the"
-3.75,23.25,"Congo, The Democratic Republic of the"
-3.75,24.0,"Congo, The Democratic Republic of the"
-3.75,24.75,"Congo, The Democratic Republic of the"
-3.75,25.5,"Congo, The Democratic Republic of the"
-3.75,26.25,"Congo, The Democratic Republic of the"
-3.75,27.0,"Congo, The Democratic Republic of the"
-3.75,27.75,"Congo, The Democratic Republic of the"
-3.75,28.5,"Congo, The Democratic Republic of the"
-3.75,29.25,"Congo, The Democratic Republic of the"
-3.75,30.0,Burundi
-3.75,30.75,Burundi
-3.75,31.5,"Tanzania, United Republic of"
-3.75,32.25,"Tanzania, United Republic of"
-3.75,33.0,"Tanzania, United Republic of"
-3.75,33.75,"Tanzania, United Republic of"
-3.75,34.5,"Tanzania, United Republic of"
-3.75,35.25,"Tanzania, United Republic of"
-3.75,36.0,"Tanzania, United Republic of"
-3.75,36.75,"Tanzania, United Republic of"
-3.75,37.5,"Tanzania, United Republic of"
-3.75,38.25,"Tanzania, United Republic of"
-3.75,39.0,Kenya
-3.75,39.75,Kenya
-3.75,40.5,Kenya
-3.75,41.25,Kenya
-3.75,42.0,Kenya
-3.75,42.75,Kenya
-3.75,43.5,Kenya
-3.75,44.25,Kenya
-3.75,45.0,Somalia
-3.75,45.75,Somalia
-3.75,46.5,Somalia
-3.75,47.25,Somalia
-3.75,48.0,Somalia
-3.75,48.75,Somalia
-3.75,49.5,Somalia
-3.75,50.25,Seychelles
-3.75,51.0,Seychelles
-3.0,-10.5,Seychelles
-3.0,-9.75,Saint Helena
-3.0,-9.0,Saint Helena
-3.0,-8.25,Saint Helena
-3.0,-7.5,Liberia
-3.0,-6.75,Liberia
-3.0,-6.0,Liberia
-3.0,-5.25,Cote d'Ivoire
-3.0,-4.5,Cote d'Ivoire
-3.0,-3.75,Cote d'Ivoire
-3.0,-3.0,Ghana
-3.0,-2.25,Ghana
-3.0,-1.5,Ghana
-3.0,-0.75,Equatorial Guinea
-3.0,0.0,Equatorial Guinea
-3.0,0.75,Equatorial Guinea
-3.0,1.5,Equatorial Guinea
-3.0,2.25,Equatorial Guinea
-3.0,3.0,Equatorial Guinea
-3.0,3.75,Equatorial Guinea
-3.0,4.5,Equatorial Guinea
-3.0,5.25,Equatorial Guinea
-3.0,6.0,Equatorial Guinea
-3.0,6.75,Equatorial Guinea
-3.0,7.5,Equatorial Guinea
-3.0,8.25,Gabon
-3.0,9.0,Gabon
-3.0,9.75,Gabon
-3.0,10.5,Gabon
-3.0,11.25,Gabon
-3.0,12.0,Gabon
-3.0,12.75,Congo
-3.0,13.5,Congo
-3.0,14.25,Congo
-3.0,15.0,Congo
-3.0,15.75,Congo
-3.0,16.5,"Congo, The Democratic Republic of the"
-3.0,17.25,"Congo, The Democratic Republic of the"
-3.0,18.0,"Congo, The Democratic Republic of the"
-3.0,18.75,"Congo, The Democratic Republic of the"
-3.0,19.5,"Congo, The Democratic Republic of the"
-3.0,20.25,"Congo, The Democratic Republic of the"
-3.0,21.0,"Congo, The Democratic Republic of the"
-3.0,21.75,"Congo, The Democratic Republic of the"
-3.0,22.5,"Congo, The Democratic Republic of the"
-3.0,23.25,"Congo, The Democratic Republic of the"
-3.0,24.0,"Congo, The Democratic Republic of the"
-3.0,24.75,"Congo, The Democratic Republic of the"
-3.0,25.5,"Congo, The Democratic Republic of the"
-3.0,26.25,"Congo, The Democratic Republic of the"
-3.0,27.0,"Congo, The Democratic Republic of the"
-3.0,27.75,"Congo, The Democratic Republic of the"
-3.0,28.5,"Congo, The Democratic Republic of the"
-3.0,29.25,"Congo, The Democratic Republic of the"
-3.0,30.0,Burundi
-3.0,30.75,Burundi
-3.0,31.5,"Tanzania, United Republic of"
-3.0,32.25,"Tanzania, United Republic of"
-3.0,33.0,"Tanzania, United Republic of"
-3.0,33.75,"Tanzania, United Republic of"
-3.0,34.5,"Tanzania, United Republic of"
-3.0,35.25,"Tanzania, United Republic of"
-3.0,36.0,"Tanzania, United Republic of"
-3.0,36.75,"Tanzania, United Republic of"
-3.0,37.5,"Tanzania, United Republic of"
-3.0,38.25,"Tanzania, United Republic of"
-3.0,39.0,Kenya
-3.0,39.75,Kenya
-3.0,40.5,Kenya
-3.0,41.25,Kenya
-3.0,42.0,Kenya
-3.0,42.75,Kenya
-3.0,43.5,Kenya
-3.0,44.25,Somalia
-3.0,45.0,Somalia
-3.0,45.75,Somalia
-3.0,46.5,Somalia
-3.0,47.25,Somalia
-3.0,48.0,Somalia
-3.0,48.75,Somalia
-3.0,49.5,Somalia
-3.0,50.25,Seychelles
-3.0,51.0,Seychelles
-2.25,-10.5,Seychelles
-2.25,-9.75,Saint Helena
-2.25,-9.0,Liberia
-2.25,-8.25,Liberia
-2.25,-7.5,Liberia
-2.25,-6.75,Liberia
-2.25,-6.0,Liberia
-2.25,-5.25,Cote d'Ivoire
-2.25,-4.5,Cote d'Ivoire
-2.25,-3.75,Cote d'Ivoire
-2.25,-3.0,Ghana
-2.25,-2.25,Ghana
-2.25,-1.5,Ghana
-2.25,-0.75,Ghana
-2.25,0.0,Equatorial Guinea
-2.25,0.75,Equatorial Guinea
-2.25,1.5,Equatorial Guinea
-2.25,2.25,Equatorial Guinea
-2.25,3.0,Equatorial Guinea
-2.25,3.75,Equatorial Guinea
-2.25,4.5,Equatorial Guinea
-2.25,5.25,Equatorial Guinea
-2.25,6.0,Equatorial Guinea
-2.25,6.75,Equatorial Guinea
-2.25,7.5,Equatorial Guinea
-2.25,8.25,Gabon
-2.25,9.0,Gabon
-2.25,9.75,Gabon
-2.25,10.5,Gabon
-2.25,11.25,Gabon
-2.25,12.0,Gabon
-2.25,12.75,Gabon
-2.25,13.5,Congo
-2.25,14.25,Gabon
-2.25,15.0,Congo
-2.25,15.75,Congo
-2.25,16.5,Congo
-2.25,17.25,"Congo, The Democratic Republic of the"
-2.25,18.0,"Congo, The Democratic Republic of the"
-2.25,18.75,"Congo, The Democratic Republic of the"
-2.25,19.5,"Congo, The Democratic Republic of the"
-2.25,20.25,"Congo, The Democratic Republic of the"
-2.25,21.0,"Congo, The Democratic Republic of the"
-2.25,21.75,"Congo, The Democratic Republic of the"
-2.25,22.5,"Congo, The Democratic Republic of the"
-2.25,23.25,"Congo, The Democratic Republic of the"
-2.25,24.0,"Congo, The Democratic Republic of the"
-2.25,24.75,"Congo, The Democratic Republic of the"
-2.25,25.5,"Congo, The Democratic Republic of the"
-2.25,26.25,"Congo, The Democratic Republic of the"
-2.25,27.0,"Congo, The Democratic Republic of the"
-2.25,27.75,"Congo, The Democratic Republic of the"
-2.25,28.5,"Congo, The Democratic Republic of the"
-2.25,29.25,"Congo, The Democratic Republic of the"
-2.25,30.0,Rwanda
-2.25,30.75,Rwanda
-2.25,31.5,Rwanda
-2.25,32.25,"Tanzania, United Republic of"
-2.25,33.0,"Tanzania, United Republic of"
-2.25,33.75,"Tanzania, United Republic of"
-2.25,34.5,"Tanzania, United Republic of"
-2.25,35.25,"Tanzania, United Republic of"
-2.25,36.0,"Tanzania, United Republic of"
-2.25,36.75,Kenya
-2.25,37.5,"Tanzania, United Republic of"
-2.25,38.25,Kenya
-2.25,39.0,Kenya
-2.25,39.75,Kenya
-2.25,40.5,Kenya
-2.25,41.25,Kenya
-2.25,42.0,Kenya
-2.25,42.75,Somalia
-2.25,43.5,Somalia
-2.25,44.25,Somalia
-2.25,45.0,Somalia
-2.25,45.75,Somalia
-2.25,46.5,Somalia
-2.25,47.25,Somalia
-2.25,48.0,Somalia
-2.25,48.75,Somalia
-2.25,49.5,Somalia
-2.25,50.25,Somalia
-2.25,51.0,Seychelles
-1.5,-10.5,Seychelles
-1.5,-9.75,Liberia
-1.5,-9.0,Liberia
-1.5,-8.25,Liberia
-1.5,-7.5,Liberia
-1.5,-6.75,Liberia
-1.5,-6.0,Cote d'Ivoire
-1.5,-5.25,Cote d'Ivoire
-1.5,-4.5,Cote d'Ivoire
-1.5,-3.75,Cote d'Ivoire
-1.5,-3.0,Ghana
-1.5,-2.25,Ghana
-1.5,-1.5,Ghana
-1.5,-0.75,Ghana
-1.5,0.0,Equatorial Guinea
-1.5,0.75,Equatorial Guinea
-1.5,1.5,Equatorial Guinea
-1.5,2.25,Equatorial Guinea
-1.5,3.0,Equatorial Guinea
-1.5,3.75,Equatorial Guinea
-1.5,4.5,Equatorial Guinea
-1.5,5.25,Equatorial Guinea
-1.5,6.0,Equatorial Guinea
-1.5,6.75,Equatorial Guinea
-1.5,7.5,Equatorial Guinea
-1.5,8.25,Gabon
-1.5,9.0,Gabon
-1.5,9.75,Gabon
-1.5,10.5,Gabon
-1.5,11.25,Gabon
-1.5,12.0,Gabon
-1.5,12.75,Gabon
-1.5,13.5,Gabon
-1.5,14.25,Gabon
-1.5,15.0,Gabon
-1.5,15.75,Congo
-1.5,16.5,Congo
-1.5,17.25,"Congo, The Democratic Republic of the"
-1.5,18.0,"Congo, The Democratic Republic of the"
-1.5,18.75,"Congo, The Democratic Republic of the"
-1.5,19.5,"Congo, The Democratic Republic of the"
-1.5,20.25,"Congo, The Democratic Republic of the"
-1.5,21.0,"Congo, The Democratic Republic of the"
-1.5,21.75,"Congo, The Democratic Republic of the"
-1.5,22.5,"Congo, The Democratic Republic of the"
-1.5,23.25,"Congo, The Democratic Republic of the"
-1.5,24.0,"Congo, The Democratic Republic of the"
-1.5,24.75,"Congo, The Democratic Republic of the"
-1.5,25.5,"Congo, The Democratic Republic of the"
-1.5,26.25,"Congo, The Democratic Republic of the"
-1.5,27.0,"Congo, The Democratic Republic of the"
-1.5,27.75,"Congo, The Democratic Republic of the"
-1.5,28.5,"Congo, The Democratic Republic of the"
-1.5,29.25,"Congo, The Democratic Republic of the"
-1.5,30.0,"Congo, The Democratic Republic of the"
-1.5,30.75,Rwanda
-1.5,31.5,"Tanzania, United Republic of"
-1.5,32.25,"Tanzania, United Republic of"
-1.5,33.0,"Tanzania, United Republic of"
-1.5,33.75,"Tanzania, United Republic of"
-1.5,34.5,"Tanzania, United Republic of"
-1.5,35.25,"Tanzania, United Republic of"
-1.5,36.0,"Tanzania, United Republic of"
-1.5,36.75,Kenya
-1.5,37.5,Kenya
-1.5,38.25,Kenya
-1.5,39.0,Kenya
-1.5,39.75,Kenya
-1.5,40.5,Kenya
-1.5,41.25,Kenya
-1.5,42.0,Somalia
-1.5,42.75,Somalia
-1.5,43.5,Somalia
-1.5,44.25,Somalia
-1.5,45.0,Somalia
-1.5,45.75,Somalia
-1.5,46.5,Somalia
-1.5,47.25,Somalia
-1.5,48.0,Somalia
-1.5,48.75,Somalia
-1.5,49.5,Somalia
-1.5,50.25,Somalia
-1.5,51.0,Somalia
-0.75,-10.5,Seychelles
-0.75,-9.75,Liberia
-0.75,-9.0,Liberia
-0.75,-8.25,Liberia
-0.75,-7.5,Liberia
-0.75,-6.75,Liberia
-0.75,-6.0,Cote d'Ivoire
-0.75,-5.25,Cote d'Ivoire
-0.75,-4.5,Cote d'Ivoire
-0.75,-3.75,Cote d'Ivoire
-0.75,-3.0,Ghana
-0.75,-2.25,Ghana
-0.75,-1.5,Ghana
-0.75,-0.75,Ghana
-0.75,0.0,Ghana
-0.75,0.75,Equatorial Guinea
-0.75,1.5,Equatorial Guinea
-0.75,2.25,Equatorial Guinea
-0.75,3.0,Equatorial Guinea
-0.75,3.75,Equatorial Guinea
-0.75,4.5,Equatorial Guinea
-0.75,5.25,Equatorial Guinea
-0.75,6.0,Equatorial Guinea
-0.75,6.75,Equatorial Guinea
-0.75,7.5,Sao Tome and Principe
-0.75,8.25,Sao Tome and Principe
-0.75,9.0,Gabon
-0.75,9.75,Gabon
-0.75,10.5,Gabon
-0.75,11.25,Gabon
-0.75,12.0,Gabon
-0.75,12.75,Gabon
-0.75,13.5,Gabon
-0.75,14.25,Gabon
-0.75,15.0,Gabon
-0.75,15.75,Congo
-0.75,16.5,Congo
-0.75,17.25,Congo
-0.75,18.0,"Congo, The Democratic Republic of the"
-0.75,18.75,"Congo, The Democratic Republic of the"
-0.75,19.5,"Congo, The Democratic Republic of the"
-0.75,20.25,"Congo, The Democratic Republic of the"
-0.75,21.0,"Congo, The Democratic Republic of the"
-0.75,21.75,"Congo, The Democratic Republic of the"
-0.75,22.5,"Congo, The Democratic Republic of the"
-0.75,23.25,"Congo, The Democratic Republic of the"
-0.75,24.0,"Congo, The Democratic Republic of the"
-0.75,24.75,"Congo, The Democratic Republic of the"
-0.75,25.5,"Congo, The Democratic Republic of the"
-0.75,26.25,"Congo, The Democratic Republic of the"
-0.75,27.0,"Congo, The Democratic Republic of the"
-0.75,27.75,"Congo, The Democratic Republic of the"
-0.75,28.5,"Congo, The Democratic Republic of the"
-0.75,29.25,"Congo, The Democratic Republic of the"
-0.75,30.0,Uganda
-0.75,30.75,Uganda
-0.75,31.5,Uganda
-0.75,32.25,Uganda
-0.75,33.0,Uganda
-0.75,33.75,Uganda
-0.75,34.5,Kenya
-0.75,35.25,Kenya
-0.75,36.0,Kenya
-0.75,36.75,Kenya
-0.75,37.5,Kenya
-0.75,38.25,Kenya
-0.75,39.0,Kenya
-0.75,39.75,Kenya
-0.75,40.5,Kenya
-0.75,41.25,Kenya
-0.75,42.0,Somalia
-0.75,42.75,Somalia
-0.75,43.5,Somalia
-0.75,44.25,Somalia
-0.75,45.0,Somalia
-0.75,45.75,Somalia
-0.75,46.5,Somalia
-0.75,47.25,Somalia
-0.75,48.0,Somalia
-0.75,48.75,Somalia
-0.75,49.5,Somalia
-0.75,50.25,Somalia
-0.75,51.0,Somalia
0.0,-10.5,Somalia
0.0,-9.75,Liberia
0.0,-9.0,Liberia
0.0,-8.25,Liberia
0.0,-7.5,Liberia
0.0,-6.75,Liberia
0.0,-6.0,Cote d'Ivoire
0.0,-5.25,Cote d'Ivoire
0.0,-4.5,Cote d'Ivoire
0.0,-3.75,Cote d'Ivoire
0.0,-3.0,Ghana
0.0,-2.25,Ghana
0.0,-1.5,Ghana
0.0,-0.75,Ghana
0.0,0.0,Ghana
0.0,0.75,Ghana
0.0,1.5,Equatorial Guinea
0.0,2.25,Equatorial Guinea
0.0,3.0,Equatorial Guinea
0.0,3.75,Equatorial Guinea
0.0,4.5,Equatorial Guinea
0.0,5.25,Equatorial Guinea
0.0,6.0,Sao Tome and Principe
0.0,6.75,Sao Tome and Principe
0.0,7.5,Sao Tome and Principe
0.0,8.25,Sao Tome and Principe
0.0,9.0,Gabon
0.0,9.75,Gabon
0.0,10.5,Gabon
0.0,11.25,Gabon
0.0,12.0,Gabon
0.0,12.75,Gabon
0.0,13.5,Gabon
0.0,14.25,Gabon
0.0,15.0,Gabon
0.0,15.75,Congo
0.0,16.5,Congo
0.0,17.25,Congo
0.0,18.0,"Congo, The Democratic Republic of the"
0.0,18.75,"Congo, The Democratic Republic of the"
0.0,19.5,"Congo, The Democratic Republic of the"
0.0,20.25,"Congo, The Democratic Republic of the"
0.0,21.0,"Congo, The Democratic Republic of the"
0.0,21.75,"Congo, The Democratic Republic of the"
0.0,22.5,"Congo, The Democratic Republic of the"
0.0,23.25,"Congo, The Democratic Republic of the"
0.0,24.0,"Congo, The Democratic Republic of the"
0.0,24.75,"Congo, The Democratic Republic of the"
0.0,25.5,"Congo, The Democratic Republic of the"
0.0,26.25,"Congo, The Democratic Republic of the"
0.0,27.0,"Congo, The Democratic Republic of the"
0.0,27.75,"Congo, The Democratic Republic of the"
0.0,28.5,"Congo, The Democratic Republic of the"
0.0,29.25,"Congo, The Democratic Republic of the"
0.0,30.0,"Congo, The Democratic Republic of the"
0.0,30.75,Uganda
0.0,31.5,Uganda
0.0,32.25,Uganda
0.0,33.0,Uganda
0.0,33.75,Uganda
0.0,34.5,Kenya
0.0,35.25,Kenya
0.0,36.0,Kenya
0.0,36.75,Kenya
0.0,37.5,Kenya
0.0,38.25,Kenya
0.0,39.0,Kenya
0.0,39.75,Kenya
0.0,40.5,Kenya
0.0,41.25,Kenya
0.0,42.0,Somalia
0.0,42.75,Somalia
0.0,43.5,Somalia
0.0,44.25,Somalia
0.0,45.0,Somalia
0.0,45.75,Somalia
0.0,46.5,Somalia
0.0,47.25,Somalia
0.0,48.0,Somalia
0.0,48.75,Somalia
0.0,49.5,Somalia
0.0,50.25,Somalia
0.0,51.0,Somalia
0.75,-10.5,Somalia
0.75,-9.75,Liberia
0.75,-9.0,Liberia
0.75,-8.25,Liberia
0.75,-7.5,Liberia
0.75,-6.75,Liberia
0.75,-6.0,Cote d'Ivoire
0.75,-5.25,Cote d'Ivoire
0.75,-4.5,Cote d'Ivoire
0.75,-3.75,Cote d'Ivoire
0.75,-3.0,Ghana
0.75,-2.25,Ghana
0.75,-1.5,Ghana
0.75,-0.75,Ghana
0.75,0.0,Ghana
0.75,0.75,Ghana
0.75,1.5,Ghana
0.75,2.25,Equatorial Guinea
0.75,3.0,Equatorial Guinea
0.75,3.75,Equatorial Guinea
0.75,4.5,Equatorial Guinea
0.75,5.25,Sao Tome and Principe
0.75,6.0,Sao Tome and Principe
0.75,6.75,Sao Tome and Principe
0.75,7.5,Sao Tome and Principe
0.75,8.25,Sao Tome and Principe
0.75,9.0,Sao Tome and Principe
0.75,9.75,Gabon
0.75,10.5,Gabon
0.75,11.25,Equatorial Guinea
0.75,12.0,Gabon
0.75,12.75,Gabon
0.75,13.5,Gabon
0.75,14.25,Gabon
0.75,15.0,Congo
0.75,15.75,Congo
0.75,16.5,Congo
0.75,17.25,Congo
0.75,18.0,Congo
0.75,18.75,"Congo, The Democratic Republic of the"
0.75,19.5,"Congo, The Democratic Republic of the"
0.75,20.25,"Congo, The Democratic Republic of the"
0.75,21.0,"Congo, The Democratic Republic of the"
0.75,21.75,"Congo, The Democratic Republic of the"
0.75,22.5,"Congo, The Democratic Republic of the"
0.75,23.25,"Congo, The Democratic Republic of the"
0.75,24.0,"Congo, The Democratic Republic of the"
0.75,24.75,"Congo, The Democratic Republic of the"
0.75,25.5,"Congo, The Democratic Republic of the"
0.75,26.25,"Congo, The Democratic Republic of the"
0.75,27.0,"Congo, The Democratic Republic of the"
0.75,27.75,"Congo, The Democratic Republic of the"
0.75,28.5,"Congo, The Democratic Republic of the"
0.75,29.25,"Congo, The Democratic Republic of the"
0.75,30.0,"Congo, The Democratic Republic of the"
0.75,30.75,Uganda
0.75,31.5,Uganda
0.75,32.25,Uganda
0.75,33.0,Uganda
0.75,33.75,Uganda
0.75,34.5,Uganda
0.75,35.25,Kenya
0.75,36.0,Kenya
0.75,36.75,Kenya
0.75,37.5,Kenya
0.75,38.25,Kenya
0.75,39.0,Kenya
0.75,39.75,Kenya
0.75,40.5,Kenya
0.75,41.25,Kenya
0.75,42.0,Somalia
0.75,42.75,Somalia
0.75,43.5,Somalia
0.75,44.25,Somalia
0.75,45.0,Somalia
0.75,45.75,Somalia
0.75,46.5,Somalia
0.75,47.25,Somalia
0.75,48.0,Somalia
0.75,48.75,Somalia
0.75,49.5,Somalia
0.75,50.25,Somalia
0.75,51.0,Somalia
1.5,-10.5,Somalia
1.5,-9.75,Liberia
1.5,-9.0,Liberia
1.5,-8.25,Liberia
1.5,-7.5,Liberia
1.5,-6.75,Liberia
1.5,-6.0,Cote d'Ivoire
1.5,-5.25,Cote d'Ivoire
1.5,-4.5,Cote d'Ivoire
1.5,-3.75,Cote d'Ivoire
1.5,-3.0,Ghana
1.5,-2.25,Ghana
1.5,-1.5,Ghana
1.5,-0.75,Ghana
1.5,0.0,Ghana
1.5,0.75,Ghana
1.5,1.5,Ghana
1.5,2.25,Ghana
1.5,3.0,Equatorial Guinea
1.5,3.75,Sao Tome and Principe
1.5,4.5,Sao Tome and Principe
1.5,5.25,Sao Tome and Principe
1.5,6.0,Sao Tome and Principe
1.5,6.75,Sao Tome and Principe
1.5,7.5,Sao Tome and Principe
1.5,8.25,Sao Tome and Principe
1.5,9.0,Sao Tome and Principe
1.5,9.75,Equatorial Guinea
1.5,10.5,Equatorial Guinea
1.5,11.25,Equatorial Guinea
1.5,12.0,Equatorial Guinea
1.5,12.75,Gabon
1.5,13.5,Gabon
1.5,14.25,Congo
1.5,15.0,Congo
1.5,15.75,Congo
1.5,16.5,Congo
1.5,17.25,Congo
1.5,18.0,Congo
1.5,18.75,Congo
1.5,19.5,Congo
1.5,20.25,Congo
1.5,21.0,"Congo, The Democratic Republic of the"
1.5,21.75,"Congo, The Democratic Republic of the"
1.5,22.5,"Congo, The Democratic Republic of the"
1.5,23.25,"Congo, The Democratic Republic of the"
1.5,24.0,"Congo, The Democratic Republic of the"
1.5,24.75,"Congo, The Democratic Republic of the"
1.5,25.5,"Congo, The Democratic Republic of the"
1.5,26.25,"Congo, The Democratic Republic of the"
1.5,27.0,"Congo, The Democratic Republic of the"
1.5,27.75,"Congo, The Democratic Republic of the"
1.5,28.5,"Congo, The Democratic Republic of the"
1.5,29.25,"Congo, The Democratic Republic of the"
1.5,30.0,"Congo, The Democratic Republic of the"
1.5,30.75,"Congo, The Democratic Republic of the"
1.5,31.5,"Congo, The Democratic Republic of the"
1.5,32.25,Uganda
1.5,33.0,Uganda
1.5,33.75,Uganda
1.5,34.5,Uganda
1.5,35.25,Uganda
1.5,36.0,Kenya
1.5,36.75,Kenya
1.5,37.5,Kenya
1.5,38.25,Kenya
1.5,39.0,Kenya
1.5,39.75,Kenya
1.5,40.5,Kenya
1.5,41.25,Kenya
1.5,42.0,Somalia
1.5,42.75,Somalia
1.5,43.5,Somalia
1.5,44.25,Somalia
1.5,45.0,Somalia
1.5,45.75,Somalia
1.5,46.5,Somalia
1.5,47.25,Somalia
1.5,48.0,Somalia
1.5,48.75,Somalia
1.5,49.5,Somalia
1.5,50.25,Somalia
1.5,51.0,Somalia
2.25,-10.5,Somalia
2.25,-9.75,Liberia
2.25,-9.0,Liberia
2.25,-8.25,Liberia
2.25,-7.5,Liberia
2.25,-6.75,Liberia
2.25,-6.0,Cote d'Ivoire
2.25,-5.25,Cote d'Ivoire
2.25,-4.5,Cote d'Ivoire
2.25,-3.75,Cote d'Ivoire
2.25,-3.0,Cote d'Ivoire
2.25,-2.25,Ghana
2.25,-1.5,Ghana
2.25,-0.75,Ghana
2.25,0.0,Ghana
2.25,0.75,Ghana
2.25,1.5,Ghana
2.25,2.25,Ghana
2.25,3.0,Ghana
2.25,3.75,Nigeria
2.25,4.5,Nigeria
2.25,5.25,Nigeria
2.25,6.0,Sao Tome and Principe
2.25,6.75,Sao Tome and Principe
2.25,7.5,Sao Tome and Principe
2.25,8.25,Sao Tome and Principe
2.25,9.0,Sao Tome and Principe
2.25,9.75,Equatorial Guinea
2.25,10.5,Equatorial Guinea
2.25,11.25,Equatorial Guinea
2.25,12.0,Equatorial Guinea
2.25,12.75,Gabon
2.25,13.5,Cameroon
2.25,14.25,Congo
2.25,15.0,Congo
2.25,15.75,Congo
2.25,16.5,Congo
2.25,17.25,Congo
2.25,18.0,Congo
2.25,18.75,Congo
2.25,19.5,Congo
2.25,20.25,"Congo, The Democratic Republic of the"
2.25,21.0,"Congo, The Democratic Republic of the"
2.25,21.75,"Congo, The Democratic Republic of the"
2.25,22.5,"Congo, The Democratic Republic of the"
2.25,23.25,"Congo, The Democratic Republic of the"
2.25,24.0,"Congo, The Democratic Republic of the"
2.25,24.75,"Congo, The Democratic Republic of the"
2.25,25.5,"Congo, The Democratic Republic of the"
2.25,26.25,"Congo, The Democratic Republic of the"
2.25,27.0,"Congo, The Democratic Republic of the"
2.25,27.75,"Congo, The Democratic Republic of the"
2.25,28.5,"Congo, The Democratic Republic of the"
2.25,29.25,"Congo, The Democratic Republic of the"
2.25,30.0,"Congo, The Democratic Republic of the"
2.25,30.75,"Congo, The Democratic Republic of the"
2.25,31.5,Uganda
2.25,32.25,Uganda
2.25,33.0,Uganda
2.25,33.75,Uganda
2.25,34.5,Uganda
2.25,35.25,Uganda
2.25,36.0,Uganda
2.25,36.75,Kenya
2.25,37.5,Kenya
2.25,38.25,Kenya
2.25,39.0,Kenya
2.25,39.75,Kenya
2.25,40.5,Kenya
2.25,41.25,Kenya
2.25,42.0,Somalia
2.25,42.75,Somalia
2.25,43.5,Somalia
2.25,44.25,Somalia
2.25,45.0,Somalia
2.25,45.75,Somalia
2.25,46.5,Somalia
2.25,47.25,Somalia
2.25,48.0,Somalia
2.25,48.75,Somalia
2.25,49.5,Somalia
2.25,50.25,Somalia
2.25,51.0,Somalia
3.0,-10.5,Somalia
3.0,-9.75,Liberia
3.0,-9.0,Liberia
3.0,-8.25,Liberia
3.0,-7.5,Liberia
3.0,-6.75,Liberia
3.0,-6.0,Cote d'Ivoire
3.0,-5.25,Cote d'Ivoire
3.0,-4.5,Cote d'Ivoire
3.0,-3.75,Cote d'Ivoire
3.0,-3.0,Cote d'Ivoire
3.0,-2.25,Ghana
3.0,-1.5,Ghana
3.0,-0.75,Ghana
3.0,0.0,Ghana
3.0,0.75,Ghana
3.0,1.5,Ghana
3.0,2.25,Ghana
3.0,3.0,Ghana
3.0,3.75,Benin
3.0,4.5,Nigeria
3.0,5.25,Nigeria
3.0,6.0,Nigeria
3.0,6.75,Nigeria
3.0,7.5,Nigeria
3.0,8.25,Equatorial Guinea
3.0,9.0,Equatorial Guinea
3.0,9.75,Equatorial Guinea
3.0,10.5,Cameroon
3.0,11.25,Cameroon
3.0,12.0,Cameroon
3.0,12.75,Cameroon
3.0,13.5,Cameroon
3.0,14.25,Cameroon
3.0,15.0,Cameroon
3.0,15.75,Cameroon
3.0,16.5,Central African Republic
3.0,17.25,Central African Republic
3.0,18.0,Central African Republic
3.0,18.75,Central African Republic
3.0,19.5,Central African Republic
3.0,20.25,"Congo, The Democratic Republic of the"
3.0,21.0,"Congo, The Democratic Republic of the"
3.0,21.75,"Congo, The Democratic Republic of the"
3.0,22.5,"Congo, The Democratic Republic of the"
3.0,23.25,"Congo, The Democratic Republic of the"
3.0,24.0,"Congo, The Democratic Republic of the"
3.0,24.75,"Congo, The Democratic Republic of the"
3.0,25.5,"Congo, The Democratic Republic of the"
3.0,26.25,"Congo, The Democratic Republic of the"
3.0,27.0,"Congo, The Democratic Republic of the"
3.0,27.75,"Congo, The Democratic Republic of the"
3.0,28.5,"Congo, The Democratic Republic of the"
3.0,29.25,"Congo, The Democratic Republic of the"
3.0,30.0,"Congo, The Democratic Republic of the"
3.0,30.75,"Congo, The Democratic Republic of the"
3.0,31.5,Uganda
3.0,32.25,Uganda
3.0,33.0,Uganda
3.0,33.75,Uganda
3.0,34.5,Uganda
3.0,35.25,Uganda
3.0,36.0,Kenya
3.0,36.75,Kenya
3.0,37.5,Kenya
3.0,38.25,Kenya
3.0,39.0,Kenya
3.0,39.75,Kenya
3.0,40.5,Kenya
3.0,41.25,Kenya
3.0,42.0,Somalia
3.0,42.75,Somalia
3.0,43.5,Somalia
3.0,44.25,Somalia
3.0,45.0,Somalia
3.0,45.75,Somalia
3.0,46.5,Somalia
3.0,47.25,Somalia
3.0,48.0,Somalia
3.0,48.75,Somalia
3.0,49.5,Somalia
3.0,50.25,Somalia
3.0,51.0,Somalia
3.75,-10.5,Somalia
3.75,-9.75,Liberia
3.75,-9.0,Liberia
3.75,-8.25,Liberia
3.75,-7.5,Liberia
3.75,-6.75,Liberia
3.75,-6.0,Cote d'Ivoire
3.75,-5.25,Cote d'Ivoire
3.75,-4.5,Cote d'Ivoire
3.75,-3.75,Cote d'Ivoire
3.75,-3.0,Cote d'Ivoire
3.75,-2.25,Ghana
3.75,-1.5,Ghana
3.75,-0.75,Ghana
3.75,0.0,Ghana
3.75,0.75,Ghana
3.75,1.5,Ghana
3.75,2.25,Ghana
3.75,3.0,Ghana
3.75,3.75,Nigeria
3.75,4.5,Nigeria
3.75,5.25,Nigeria
3.75,6.0,Nigeria
3.75,6.75,Nigeria
3.75,7.5,Nigeria
3.75,8.25,Nigeria
3.75,9.0,Equatorial Guinea
3.75,9.75,Equatorial Guinea
3.75,10.5,Cameroon
3.75,11.25,Cameroon
3.75,12.0,Cameroon
3.75,12.75,Cameroon
3.75,13.5,Cameroon
3.75,14.25,Cameroon
3.75,15.0,Cameroon
3.75,15.75,Cameroon
3.75,16.5,Central African Republic
3.75,17.25,Central African Republic
3.75,18.0,Central African Republic
3.75,18.75,Central African Republic
3.75,19.5,"Congo, The Democratic Republic of the"
3.75,20.25,"Congo, The Democratic Republic of the"
3.75,21.0,"Congo, The Democratic Republic of the"
3.75,21.75,"Congo, The Democratic Republic of the"
3.75,22.5,Central African Republic
3.75,23.25,Central African Republic
3.75,24.0,"Congo, The Democratic Republic of the"
3.75,24.75,"Congo, The Democratic Republic of the"
3.75,25.5,"Congo, The Democratic Republic of the"
3.75,26.25,"Congo, The Democratic Republic of the"
3.75,27.0,Central African Republic
3.75,27.75,"Congo, The Democratic Republic of the"
3.75,28.5,"Congo, The Democratic Republic of the"
3.75,29.25,South Sudan
3.75,30.0,"Congo, The Democratic Republic of the"
3.75,30.75,South Sudan
3.75,31.5,South Sudan
3.75,32.25,Uganda
3.75,33.0,South Sudan
3.75,33.75,Uganda
3.75,34.5,Uganda
3.75,35.25,Uganda
3.75,36.0,Kenya
3.75,36.75,Kenya
3.75,37.5,Ethiopia
3.75,38.25,Ethiopia
3.75,39.0,Ethiopia
3.75,39.75,Kenya
3.75,40.5,Kenya
3.75,41.25,Kenya
3.75,42.0,Kenya
3.75,42.75,Kenya
3.75,43.5,Somalia
3.75,44.25,Somalia
3.75,45.0,Somalia
3.75,45.75,Somalia
3.75,46.5,Somalia
3.75,47.25,Somalia
3.75,48.0,Somalia
3.75,48.75,Somalia
3.75,49.5,Somalia
3.75,50.25,Somalia
3.75,51.0,Somalia
4.5,-10.5,Somalia
4.5,-9.75,Liberia
4.5,-9.0,Liberia
4.5,-8.25,Liberia
4.5,-7.5,Liberia
4.5,-6.75,Cote d'Ivoire
4.5,-6.0,Cote d'Ivoire
4.5,-5.25,Cote d'Ivoire
4.5,-4.5,Cote d'Ivoire
4.5,-3.75,Cote d'Ivoire
4.5,-3.0,Cote d'Ivoire
4.5,-2.25,Cote d'Ivoire
4.5,-1.5,Ghana
4.5,-0.75,Ghana
4.5,0.0,Ghana
4.5,0.75,Ghana
4.5,1.5,Ghana
4.5,2.25,Ghana
4.5,3.0,Benin
4.5,3.75,Nigeria
4.5,4.5,Nigeria
4.5,5.25,Nigeria
4.5,6.0,Nigeria
4.5,6.75,Nigeria
4.5,7.5,Nigeria
4.5,8.25,Nigeria
4.5,9.0,Nigeria
4.5,9.75,Cameroon
4.5,10.5,Cameroon
4.5,11.25,Cameroon
4.5,12.0,Cameroon
4.5,12.75,Cameroon
4.5,13.5,Cameroon
4.5,14.25,Cameroon
4.5,15.0,Cameroon
4.5,15.75,Central African Republic
4.5,16.5,Central African Republic
4.5,17.25,Central African Republic
4.5,18.0,Central African Republic
4.5,18.75,Central African Republic
4.5,19.5,Central African Republic
4.5,20.25,"Congo, The Democratic Republic of the"
4.5,21.0,"Congo, The Democratic Republic of the"
4.5,21.75,"Congo, The Democratic Republic of the"
4.5,22.5,Central African Republic
4.5,23.25,Central African Republic
4.5,24.0,Central African Republic
4.5,24.75,"Congo, The Democratic Republic of the"
4.5,25.5,Central African Republic
4.5,26.25,Central African Republic
4.5,27.0,Central African Republic
4.5,27.75,Central African Republic
4.5,28.5,South Sudan
4.5,29.25,South Sudan
4.5,30.0,South Sudan
4.5,30.75,South Sudan
4.5,31.5,South Sudan
4.5,32.25,South Sudan
4.5,33.0,South Sudan
4.5,33.75,South Sudan
4.5,34.5,South Sudan
4.5,35.25,South Sudan
4.5,36.0,Ethiopia
4.5,36.75,Ethiopia
4.5,37.5,Ethiopia
4.5,38.25,Ethiopia
4.5,39.0,Ethiopia
4.5,39.75,Ethiopia
4.5,40.5,Kenya
4.5,41.25,Kenya
4.5,42.0,Kenya
4.5,42.75,Kenya
4.5,43.5,Somalia
4.5,44.25,Somalia
4.5,45.0,Somalia
4.5,45.75,Somalia
4.5,46.5,Somalia
4.5,47.25,Somalia
4.5,48.0,Somalia
4.5,48.75,Somalia
4.5,49.5,Somalia
4.5,50.25,Somalia
4.5,51.0,Somalia
5.25,-10.5,Somalia
5.25,-9.75,Liberia
5.25,-9.0,Liberia
5.25,-8.25,Liberia
5.25,-7.5,Liberia
5.25,-6.75,Liberia
5.25,-6.0,Cote d'Ivoire
5.25,-5.25,Cote d'Ivoire
5.25,-4.5,Cote d'Ivoire
5.25,-3.75,Cote d'Ivoire
5.25,-3.0,Cote d'Ivoire
5.25,-2.25,Cote d'Ivoire
5.25,-1.5,Ghana
5.25,-0.75,Ghana
5.25,0.0,Ghana
5.25,0.75,Ghana
5.25,1.5,Ghana
5.25,2.25,Ghana
5.25,3.0,Benin
5.25,3.75,Nigeria
5.25,4.5,Nigeria
5.25,5.25,Nigeria
5.25,6.0,Nigeria
5.25,6.75,Nigeria
5.25,7.5,Nigeria
5.25,8.25,Nigeria
5.25,9.0,Nigeria
5.25,9.75,Cameroon
5.25,10.5,Cameroon
5.25,11.25,Cameroon
5.25,12.0,Cameroon
5.25,12.75,Cameroon
5.25,13.5,Cameroon
5.25,14.25,Cameroon
5.25,15.0,Cameroon
5.25,15.75,Cameroon
5.25,16.5,Central African Republic
5.25,17.25,Central African Republic
5.25,18.0,Central African Republic
5.25,18.75,Central African Republic
5.25,19.5,Central African Republic
5.25,20.25,Central African Republic
5.25,21.0,Central African Republic
5.25,21.75,Central African Republic
5.25,22.5,Central African Republic
5.25,23.25,Central African Republic
5.25,24.0,Central African Republic
5.25,24.75,Central African Republic
5.25,25.5,Central African Republic
5.25,26.25,Central African Republic
5.25,27.0,Central African Republic
5.25,27.75,Central African Republic
5.25,28.5,South Sudan
5.25,29.25,South Sudan
5.25,30.0,South Sudan
5.25,30.75,South Sudan
5.25,31.5,South Sudan
5.25,32.25,South Sudan
5.25,33.0,South Sudan
5.25,33.75,South Sudan
5.25,34.5,South Sudan
5.25,35.25,South Sudan
5.25,36.0,Ethiopia
5.25,36.75,Ethiopia
5.25,37.5,Ethiopia
5.25,38.25,Ethiopia
5.25,39.0,Ethiopia
5.25,39.75,Ethiopia
5.25,40.5,Ethiopia
5.25,41.25,Ethiopia
5.25,42.0,Kenya
5.25,42.75,Somalia
5.25,43.5,Somalia
5.25,44.25,Somalia
5.25,45.0,Somalia
5.25,45.75,Somalia
5.25,46.5,Somalia
5.25,47.25,Somalia
5.25,48.0,Somalia
5.25,48.75,Somalia
5.25,49.5,Somalia
5.25,50.25,Somalia
5.25,51.0,Somalia
6.0,-10.5,Somalia
6.0,-9.75,Liberia
6.0,-9.0,Liberia
6.0,-8.25,Liberia
6.0,-7.5,Liberia
6.0,-6.75,Cote d'Ivoire
6.0,-6.0,Cote d'Ivoire
6.0,-5.25,Cote d'Ivoire
6.0,-4.5,Cote d'Ivoire
6.0,-3.75,Cote d'Ivoire
6.0,-3.0,Cote d'Ivoire
6.0,-2.25,Cote d'Ivoire
6.0,-1.5,Ghana
6.0,-0.75,Ghana
6.0,0.0,Ghana
6.0,0.75,Ghana
6.0,1.5,Ghana
6.0,2.25,Togo
6.0,3.0,Benin
6.0,3.75,Nigeria
6.0,4.5,Nigeria
6.0,5.25,Nigeria
6.0,6.0,Nigeria
6.0,6.75,Nigeria
6.0,7.5,Nigeria
6.0,8.25,Nigeria
6.0,9.0,Nigeria
6.0,9.75,Nigeria
6.0,10.5,Cameroon
6.0,11.25,Cameroon
6.0,12.0,Cameroon
6.0,12.75,Cameroon
6.0,13.5,Cameroon
6.0,14.25,Cameroon
6.0,15.0,Cameroon
6.0,15.75,Cameroon
6.0,16.5,Central African Republic
6.0,17.25,Central African Republic
6.0,18.0,Central African Republic
6.0,18.75,Central African Republic
6.0,19.5,Central African Republic
6.0,20.25,Central African Republic
6.0,21.0,Central African Republic
6.0,21.75,Central African Republic
6.0,22.5,Central African Republic
6.0,23.25,Central African Republic
6.0,24.0,Central African Republic
6.0,24.75,Central African Republic
6.0,25.5,Central African Republic
6.0,26.25,Central African Republic
6.0,27.0,Central African Republic
6.0,27.75,South Sudan
6.0,28.5,South Sudan
6.0,29.25,South Sudan
6.0,30.0,South Sudan
6.0,30.75,South Sudan
6.0,31.5,South Sudan
6.0,32.25,South Sudan
6.0,33.0,South Sudan
6.0,33.75,South Sudan
6.0,34.5,South Sudan
6.0,35.25,Ethiopia
6.0,36.0,Ethiopia
6.0,36.75,Ethiopia
6.0,37.5,Ethiopia
6.0,38.25,Ethiopia
6.0,39.0,Ethiopia
6.0,39.75,Ethiopia
6.0,40.5,Ethiopia
6.0,41.25,Ethiopia
6.0,42.0,Ethiopia
6.0,42.75,Ethiopia
6.0,43.5,Somalia
6.0,44.25,Somalia
6.0,45.0,Somalia
6.0,45.75,Somalia
6.0,46.5,Somalia
6.0,47.25,Somalia
6.0,48.0,Somalia
6.0,48.75,Somalia
6.0,49.5,Somalia
6.0,50.25,Somalia
6.0,51.0,Somalia
6.75,-10.5,Somalia
6.75,-9.75,Liberia
6.75,-9.0,Liberia
6.75,-8.25,Liberia
6.75,-7.5,Liberia
6.75,-6.75,Cote d'Ivoire
6.75,-6.0,Cote d'Ivoire
6.75,-5.25,Cote d'Ivoire
6.75,-4.5,Cote d'Ivoire
6.75,-3.75,Cote d'Ivoire
6.75,-3.0,Cote d'Ivoire
6.75,-2.25,Cote d'Ivoire
6.75,-1.5,Ghana
6.75,-0.75,Ghana
6.75,0.0,Ghana
6.75,0.75,Ghana
6.75,1.5,Togo
6.75,2.25,Togo
6.75,3.0,Benin
6.75,3.75,Nigeria
6.75,4.5,Nigeria
6.75,5.25,Nigeria
6.75,6.0,Nigeria
6.75,6.75,Nigeria
6.75,7.5,Nigeria
6.75,8.25,Nigeria
6.75,9.0,Nigeria
6.75,9.75,Nigeria
6.75,10.5,Cameroon
6.75,11.25,Cameroon
6.75,12.0,Nigeria
6.75,12.75,Cameroon
6.75,13.5,Cameroon
6.75,14.25,Cameroon
6.75,15.0,Cameroon
6.75,15.75,Cameroon
6.75,16.5,Central African Republic
6.75,17.25,Central African Republic
6.75,18.0,Central African Republic
6.75,18.75,Central African Republic
6.75,19.5,Central African Republic
6.75,20.25,Central African Republic
6.75,21.0,Central African Republic
6.75,21.75,Central African Republic
6.75,22.5,Central African Republic
6.75,23.25,Central African Republic
6.75,24.0,Central African Republic
6.75,24.75,Central African Republic
6.75,25.5,Central African Republic
6.75,26.25,Central African Republic
6.75,27.0,Central African Republic
6.75,27.75,South Sudan
6.75,28.5,South Sudan
6.75,29.25,South Sudan
6.75,30.0,South Sudan
6.75,30.75,South Sudan
6.75,31.5,South Sudan
6.75,32.25,South Sudan
6.75,33.0,South Sudan
6.75,33.75,South Sudan
6.75,34.5,South Sudan
6.75,35.25,Ethiopia
6.75,36.0,Ethiopia
6.75,36.75,Ethiopia
6.75,37.5,Ethiopia
6.75,38.25,Ethiopia
6.75,39.0,Ethiopia
6.75,39.75,Ethiopia
6.75,40.5,Ethiopia
6.75,41.25,Ethiopia
6.75,42.0,Ethiopia
6.75,42.75,Ethiopia
6.75,43.5,Ethiopia
6.75,44.25,Somalia
6.75,45.0,Somalia
6.75,45.75,Somalia
6.75,46.5,Somalia
6.75,47.25,Somalia
6.75,48.0,Somalia
6.75,48.75,Somalia
6.75,49.5,Somalia
6.75,50.25,Somalia
6.75,51.0,Somalia
7.5,-10.5,Somalia
7.5,-9.75,Liberia
7.5,-9.0,Guinea
7.5,-8.25,Guinea
7.5,-7.5,Cote d'Ivoire
7.5,-6.75,Cote d'Ivoire
7.5,-6.0,Cote d'Ivoire
7.5,-5.25,Cote d'Ivoire
7.5,-4.5,Cote d'Ivoire
7.5,-3.75,Cote d'Ivoire
7.5,-3.0,Cote d'Ivoire
7.5,-2.25,Cote d'Ivoire
7.5,-1.5,Ghana
7.5,-0.75,Ghana
7.5,0.0,Ghana
7.5,0.75,Ghana
7.5,1.5,Togo
7.5,2.25,Togo
7.5,3.0,Benin
7.5,3.75,Nigeria
7.5,4.5,Nigeria
7.5,5.25,Nigeria
7.5,6.0,Nigeria
7.5,6.75,Nigeria
7.5,7.5,Nigeria
7.5,8.25,Nigeria
7.5,9.0,Nigeria
7.5,9.75,Nigeria
7.5,10.5,Nigeria
7.5,11.25,Nigeria
7.5,12.0,Nigeria
7.5,12.75,Cameroon
7.5,13.5,Cameroon
7.5,14.25,Cameroon
7.5,15.0,Cameroon
7.5,15.75,Cameroon
7.5,16.5,Central African Republic
7.5,17.25,Central African Republic
7.5,18.0,Chad
7.5,18.75,Central African Republic
7.5,19.5,Central African Republic
7.5,20.25,Central African Republic
7.5,21.0,Central African Republic
7.5,21.75,Central African Republic
7.5,22.5,Central African Republic
7.5,23.25,Central African Republic
7.5,24.0,Central African Republic
7.5,24.75,Central African Republic
7.5,25.5,South Sudan
7.5,26.25,South Sudan
7.5,27.0,South Sudan
7.5,27.75,South Sudan
7.5,28.5,South Sudan
7.5,29.25,South Sudan
7.5,30.0,South Sudan
7.5,30.75,South Sudan
7.5,31.5,South Sudan
7.5,32.25,South Sudan
7.5,33.0,South Sudan
7.5,33.75,South Sudan
7.5,34.5,South Sudan
7.5,35.25,Ethiopia
7.5,36.0,Ethiopia
7.5,36.75,Ethiopia
7.5,37.5,Ethiopia
7.5,38.25,Ethiopia
7.5,39.0,Ethiopia
7.5,39.75,Ethiopia
7.5,40.5,Ethiopia
7.5,41.25,Ethiopia
7.5,42.0,Ethiopia
7.5,42.75,Ethiopia
7.5,43.5,Ethiopia
7.5,44.25,Somalia
7.5,45.0,Somalia
7.5,45.75,Somalia
7.5,46.5,Somalia
7.5,47.25,Somalia
7.5,48.0,Somalia
7.5,48.75,Somalia
7.5,49.5,Somalia
7.5,50.25,Somalia
7.5,51.0,Somalia
8.25,-10.5,Somalia
8.25,-9.75,Sierra Leone
8.25,-9.0,Liberia
8.25,-8.25,Guinea
8.25,-7.5,Cote d'Ivoire
8.25,-6.75,Cote d'Ivoire
8.25,-6.0,Cote d'Ivoire
8.25,-5.25,Cote d'Ivoire
8.25,-4.5,Cote d'Ivoire
8.25,-3.75,Cote d'Ivoire
8.25,-3.0,Cote d'Ivoire
8.25,-2.25,Cote d'Ivoire
8.25,-1.5,Ghana
8.25,-0.75,Ghana
8.25,0.0,Ghana
8.25,0.75,Ghana
8.25,1.5,Togo
8.25,2.25,Benin
8.25,3.0,Benin
8.25,3.75,Nigeria
8.25,4.5,Nigeria
8.25,5.25,Nigeria
8.25,6.0,Nigeria
8.25,6.75,Nigeria
8.25,7.5,Nigeria
8.25,8.25,Nigeria
8.25,9.0,Nigeria
8.25,9.75,Nigeria
8.25,10.5,Nigeria
8.25,11.25,Nigeria
8.25,12.0,Nigeria
8.25,12.75,Nigeria
8.25,13.5,Cameroon
8.25,14.25,Cameroon
8.25,15.0,Cameroon
8.25,15.75,Chad
8.25,16.5,Chad
8.25,17.25,Chad
8.25,18.0,Chad
8.25,18.75,Chad
8.25,19.5,Central African Republic
8.25,20.25,Central African Republic
8.25,21.0,Central African Republic
8.25,21.75,Central African Republic
8.25,22.5,Central African Republic
8.25,23.25,Central African Republic
8.25,24.0,Central African Republic
8.25,24.75,Central African Republic
8.25,25.5,South Sudan
8.25,26.25,South Sudan
8.25,27.0,South Sudan
8.25,27.75,South Sudan
8.25,28.5,South Sudan
8.25,29.25,South Sudan
8.25,30.0,South Sudan
8.25,30.75,South Sudan
8.25,31.5,South Sudan
8.25,32.25,South Sudan
8.25,33.0,South Sudan
8.25,33.75,South Sudan
8.25,34.5,South Sudan
8.25,35.25,Ethiopia
8.25,36.0,Ethiopia
8.25,36.75,Ethiopia
8.25,37.5,Ethiopia
8.25,38.25,Ethiopia
8.25,39.0,Ethiopia
8.25,39.75,Ethiopia
8.25,40.5,Ethiopia
8.25,41.25,Ethiopia
8.25,42.0,Ethiopia
8.25,42.75,Ethiopia
8.25,43.5,Ethiopia
8.25,44.25,Somalia
8.25,45.0,Somalia
8.25,45.75,Somalia
8.25,46.5,Somalia
8.25,47.25,Somalia
8.25,48.0,Somalia
8.25,48.75,Somalia
8.25,49.5,Somalia
8.25,50.25,Somalia
8.25,51.0,Somalia
9.0,-10.5,Somalia
9.0,-9.75,Sierra Leone
9.0,-9.0,Guinea
9.0,-8.25,Guinea
9.0,-7.5,Guinea
9.0,-6.75,Cote d'Ivoire
9.0,-6.0,Cote d'Ivoire
9.0,-5.25,Cote d'Ivoire
9.0,-4.5,Cote d'Ivoire
9.0,-3.75,Cote d'Ivoire
9.0,-3.0,Cote d'Ivoire
9.0,-2.25,Cote d'Ivoire
9.0,-1.5,Cote d'Ivoire
9.0,-0.75,Ghana
9.0,0.0,Ghana
9.0,0.75,Ghana
9.0,1.5,Togo
9.0,2.25,Togo
9.0,3.0,Benin
9.0,3.75,Nigeria
9.0,4.5,Nigeria
9.0,5.25,Nigeria
9.0,6.0,Nigeria
9.0,6.75,Nigeria
9.0,7.5,Nigeria
9.0,8.25,Nigeria
9.0,9.0,Nigeria
9.0,9.75,Nigeria
9.0,10.5,Nigeria
9.0,11.25,Nigeria
9.0,12.0,Nigeria
9.0,12.75,Nigeria
9.0,13.5,Nigeria
9.0,14.25,Cameroon
9.0,15.0,Cameroon
9.0,15.75,Chad
9.0,16.5,Chad
9.0,17.25,Chad
9.0,18.0,Chad
9.0,18.75,Chad
9.0,19.5,Chad
9.0,20.25,Chad
9.0,21.0,Central African Republic
9.0,21.75,Central African Republic
9.0,22.5,Central African Republic
9.0,23.25,Central African Republic
9.0,24.0,Central African Republic
9.0,24.75,South Sudan
9.0,25.5,South Sudan
9.0,26.25,South Sudan
9.0,27.0,South Sudan
9.0,27.75,South Sudan
9.0,28.5,South Sudan
9.0,29.25,South Sudan
9.0,30.0,South Sudan
9.0,30.75,South Sudan
9.0,31.5,South Sudan
9.0,32.25,South Sudan
9.0,33.0,South Sudan
9.0,33.75,South Sudan
9.0,34.5,South Sudan
9.0,35.25,Ethiopia
9.0,36.0,Ethiopia
9.0,36.75,Ethiopia
9.0,37.5,Ethiopia
9.0,38.25,Ethiopia
9.0,39.0,Ethiopia
9.0,39.75,Ethiopia
9.0,40.5,Ethiopia
9.0,41.25,Ethiopia
9.0,42.0,Ethiopia
9.0,42.75,Ethiopia
9.0,43.5,Ethiopia
9.0,44.25,Somalia
9.0,45.0,Somalia
9.0,45.75,Somalia
9.0,46.5,Somalia
9.0,47.25,Somalia
9.0,48.0,Somalia
9.0,48.75,Somalia
9.0,49.5,Somalia
9.0,50.25,Somalia
9.0,51.0,Somalia
9.75,-10.5,Somalia
9.75,-9.75,Guinea
9.75,-9.0,Guinea
9.75,-8.25,Guinea
9.75,-7.5,Cote d'Ivoire
9.75,-6.75,Cote d'Ivoire
9.75,-6.0,Cote d'Ivoire
9.75,-5.25,Cote d'Ivoire
9.75,-4.5,Cote d'Ivoire
9.75,-3.75,Cote d'Ivoire
9.75,-3.0,Cote d'Ivoire
9.75,-2.25,Burkina Faso
9.75,-1.5,Ghana
9.75,-0.75,Ghana
9.75,0.0,Ghana
9.75,0.75,Ghana
9.75,1.5,Togo
9.75,2.25,Benin
9.75,3.0,Benin
9.75,3.75,Benin
9.75,4.5,Nigeria
9.75,5.25,Nigeria
9.75,6.0,Nigeria
9.75,6.75,Nigeria
9.75,7.5,Nigeria
9.75,8.25,Nigeria
9.75,9.0,Nigeria
9.75,9.75,Nigeria
9.75,10.5,Nigeria
9.75,11.25,Nigeria
9.75,12.0,Nigeria
9.75,12.75,Nigeria
9.75,13.5,Nigeria
9.75,14.25,Cameroon
9.75,15.0,Chad
9.75,15.75,Chad
9.75,16.5,Chad
9.75,17.25,Chad
9.75,18.0,Chad
9.75,18.75,Chad
9.75,19.5,Chad
9.75,20.25,Chad
9.75,21.0,Chad
9.75,21.75,Central African Republic
9.75,22.5,Central African Republic
9.75,23.25,Central African Republic
9.75,24.0,Central African Republic
9.75,24.75,Central African Republic
9.75,25.5,Sudan
9.75,26.25,South Sudan
9.75,27.0,South Sudan
9.75,27.75,South Sudan
9.75,28.5,South Sudan
9.75,29.25,South Sudan
9.75,30.0,South Sudan
9.75,30.75,South Sudan
9.75,31.5,South Sudan
9.75,32.25,South Sudan
9.75,33.0,South Sudan
9.75,33.75,South Sudan
9.75,34.5,Ethiopia
9.75,35.25,Ethiopia
9.75,36.0,Ethiopia
9.75,36.75,Ethiopia
9.75,37.5,Ethiopia
9.75,38.25,Ethiopia
9.75,39.0,Ethiopia
9.75,39.75,Ethiopia
9.75,40.5,Ethiopia
9.75,41.25,Ethiopia
9.75,42.0,Ethiopia
9.75,42.75,Ethiopia
9.75,43.5,Ethiopia
9.75,44.25,Somalia
9.75,45.0,Somalia
9.75,45.75,Somalia
9.75,46.5,Somalia
9.75,47.25,Somalia
9.75,48.0,Somalia
9.75,48.75,Somalia
9.75,49.5,Somalia
9.75,50.25,Somalia
9.75,51.0,Somalia
10.5,-10.5,Somalia
10.5,-9.75,Guinea
10.5,-9.0,Guinea
10.5,-8.25,Guinea
10.5,-7.5,Guinea
10.5,-6.75,Cote d'Ivoire
10.5,-6.0,Cote d'Ivoire
10.5,-5.25,Mali
10.5,-4.5,Burkina Faso
10.5,-3.75,Burkina Faso
10.5,-3.0,Burkina Faso
10.5,-2.25,Burkina Faso
10.5,-1.5,Ghana
10.5,-0.75,Ghana
10.5,0.0,Ghana
10.5,0.75,Togo
10.5,1.5,Togo
10.5,2.25,Benin
10.5,3.0,Benin
10.5,3.75,Benin
10.5,4.5,Nigeria
10.5,5.25,Nigeria
10.5,6.0,Nigeria
10.5,6.75,Nigeria
10.5,7.5,Nigeria
10.5,8.25,Nigeria
10.5,9.0,Nigeria
10.5,9.75,Nigeria
10.5,10.5,Nigeria
10.5,11.25,Nigeria
10.5,12.0,Nigeria
10.5,12.75,Nigeria
10.5,13.5,Nigeria
10.5,14.25,Nigeria
10.5,15.0,Cameroon
10.5,15.75,Cameroon
10.5,16.5,Chad
10.5,17.25,Chad
10.5,18.0,Chad
10.5,18.75,Chad
10.5,19.5,Chad
10.5,20.25,Chad
10.5,21.0,Chad
10.5,21.75,Chad
10.5,22.5,Central African Republic
10.5,23.25,Central African Republic
10.5,24.0,Central African Republic
10.5,24.75,Central African Republic
10.5,25.5,Sudan
10.5,26.25,Sudan
10.5,27.0,Sudan
10.5,27.75,Sudan
10.5,28.5,Sudan
10.5,29.25,Sudan
10.5,30.0,Sudan
10.5,30.75,Sudan
10.5,31.5,Sudan
10.5,32.25,South Sudan
10.5,33.0,South Sudan
10.5,33.75,South Sudan
10.5,34.5,Sudan
10.5,35.25,Sudan
10.5,36.0,Ethiopia
10.5,36.75,Ethiopia
10.5,37.5,Ethiopia
10.5,38.25,Ethiopia
10.5,39.0,Ethiopia
10.5,39.75,Ethiopia
10.5,40.5,Ethiopia
10.5,41.25,Ethiopia
10.5,42.0,Ethiopia
10.5,42.75,Djibouti
10.5,43.5,Djibouti
10.5,44.25,Somalia
10.5,45.0,Somalia
10.5,45.75,Somalia
10.5,46.5,Somalia
10.5,47.25,Somalia
10.5,48.0,Somalia
10.5,48.75,Somalia
10.5,49.5,Somalia
10.5,50.25,Somalia
10.5,51.0,Somalia
11.25,-10.5,Somalia
11.25,-9.75,Guinea
11.25,-9.0,Guinea
11.25,-8.25,Guinea
11.25,-7.5,Mali
11.25,-6.75,Mali
11.25,-6.0,Mali
11.25,-5.25,Mali
11.25,-4.5,Mali
11.25,-3.75,Burkina Faso
11.25,-3.0,Burkina Faso
11.25,-2.25,Burkina Faso
11.25,-1.5,Burkina Faso
11.25,-0.75,Burkina Faso
11.25,0.0,Burkina Faso
11.25,0.75,Burkina Faso
11.25,1.5,Burkina Faso
11.25,2.25,Benin
11.25,3.0,Benin
11.25,3.75,Benin
11.25,4.5,Nigeria
11.25,5.25,Nigeria
11.25,6.0,Nigeria
11.25,6.75,Nigeria
11.25,7.5,Nigeria
11.25,8.25,Nigeria
11.25,9.0,Nigeria
11.25,9.75,Nigeria
11.25,10.5,Nigeria
11.25,11.25,Nigeria
11.25,12.0,Nigeria
11.25,12.75,Nigeria
11.25,13.5,Nigeria
11.25,14.25,Nigeria
11.25,15.0,Cameroon
11.25,15.75,Chad
11.25,16.5,Chad
11.25,17.25,Chad
11.25,18.0,Chad
11.25,18.75,Chad
11.25,19.5,Chad
11.25,20.25,Chad
11.25,21.0,Chad
11.25,21.75,Chad
11.25,22.5,Chad
11.25,23.25,Central African Republic
11.25,24.0,Central African Republic
11.25,24.75,Sudan
11.25,25.5,Sudan
11.25,26.25,Sudan
11.25,27.0,Sudan
11.25,27.75,Sudan
11.25,28.5,Sudan
11.25,29.25,Sudan
11.25,30.0,Sudan
11.25,30.75,Sudan
11.25,31.5,Sudan
11.25,32.25,Sudan
11.25,33.0,South Sudan
11.25,33.75,South Sudan
11.25,34.5,Sudan
11.25,35.25,Sudan
11.25,36.0,Sudan
11.25,36.75,Ethiopia
11.25,37.5,Ethiopia
11.25,38.25,Ethiopia
11.25,39.0,Ethiopia
11.25,39.75,Ethiopia
11.25,40.5,Ethiopia
11.25,41.25,Ethiopia
11.25,42.0,Ethiopia
11.25,42.75,Djibouti
11.25,43.5,Djibouti
11.25,44.25,Djibouti
11.25,45.0,Somalia
11.25,45.75,Somalia
11.25,46.5,Somalia
11.25,47.25,Somalia
11.25,48.0,Somalia
11.25,48.75,Somalia
11.25,49.5,Somalia
11.25,50.25,Somalia
11.25,51.0,Somalia
12.0,-10.5,Somalia
12.0,-9.75,Mali
12.0,-9.0,Guinea
12.0,-8.25,Mali
12.0,-7.5,Mali
12.0,-6.75,Mali
12.0,-6.0,Mali
12.0,-5.25,Mali
12.0,-4.5,Mali
12.0,-3.75,Burkina Faso
12.0,-3.0,Burkina Faso
12.0,-2.25,Burkina Faso
12.0,-1.5,Burkina Faso
12.0,-0.75,Burkina Faso
12.0,0.0,Burkina Faso
12.0,0.75,Burkina Faso
12.0,1.5,Burkina Faso
12.0,2.25,Burkina Faso
12.0,3.0,Burkina Faso
12.0,3.75,Benin
12.0,4.5,Nigeria
12.0,5.25,Nigeria
12.0,6.0,Nigeria
12.0,6.75,Nigeria
12.0,7.5,Nigeria
12.0,8.25,Nigeria
12.0,9.0,Nigeria
12.0,9.75,Nigeria
12.0,10.5,Nigeria
12.0,11.25,Nigeria
12.0,12.0,Nigeria
12.0,12.75,Nigeria
12.0,13.5,Nigeria
12.0,14.25,Nigeria
12.0,15.0,Nigeria
12.0,15.75,Cameroon
12.0,16.5,Chad
12.0,17.25,Chad
12.0,18.0,Chad
12.0,18.75,Chad
12.0,19.5,Chad
12.0,20.25,Chad
12.0,21.0,Chad
12.0,21.75,Chad
12.0,22.5,Chad
12.0,23.25,Chad
12.0,24.0,Sudan
12.0,24.75,Sudan
12.0,25.5,Sudan
12.0,26.25,Sudan
12.0,27.0,Sudan
12.0,27.75,Sudan
12.0,28.5,Sudan
12.0,29.25,Sudan
12.0,30.0,Sudan
12.0,30.75,Sudan
12.0,31.5,Sudan
12.0,32.25,Sudan
12.0,33.0,Sudan
12.0,33.75,South Sudan
12.0,34.5,Sudan
12.0,35.25,Sudan
12.0,36.0,Sudan
12.0,36.75,Ethiopia
12.0,37.5,Ethiopia
12.0,38.25,Ethiopia
12.0,39.0,Ethiopia
12.0,39.75,Ethiopia
12.0,40.5,Ethiopia
12.0,41.25,Ethiopia
12.0,42.0,Ethiopia
12.0,42.75,Djibouti
12.0,43.5,Djibouti
12.0,44.25,Djibouti
12.0,45.0,Yemen
12.0,45.75,Yemen
12.0,46.5,Yemen
12.0,47.25,Yemen
12.0,48.0,Somalia
12.0,48.75,Somalia
12.0,49.5,Somalia
12.0,50.25,Somalia
12.0,51.0,Somalia
12.75,-10.5,Somalia
12.75,-9.75,Mali
12.75,-9.0,Mali
12.75,-8.25,Mali
12.75,-7.5,Mali
12.75,-6.75,Mali
12.75,-6.0,Mali
12.75,-5.25,Mali
12.75,-4.5,Mali
12.75,-3.75,Mali
12.75,-3.0,Burkina Faso
12.75,-2.25,Burkina Faso
12.75,-1.5,Burkina Faso
12.75,-0.75,Burkina Faso
12.75,0.0,Burkina Faso
12.75,0.75,Burkina Faso
12.75,1.5,Burkina Faso
12.75,2.25,Burkina Faso
12.75,3.0,Niger
12.75,3.75,Niger
12.75,4.5,Nigeria
12.75,5.25,Nigeria
12.75,6.0,Nigeria
12.75,6.75,Nigeria
12.75,7.5,Nigeria
12.75,8.25,Nigeria
12.75,9.0,Nigeria
12.75,9.75,Nigeria
12.75,10.5,Nigeria
12.75,11.25,Nigeria
12.75,12.0,Nigeria
12.75,12.75,Nigeria
12.75,13.5,Nigeria
12.75,14.25,Nigeria
12.75,15.0,Cameroon
12.75,15.75,Chad
12.75,16.5,Chad
12.75,17.25,Chad
12.75,18.0,Chad
12.75,18.75,Chad
12.75,19.5,Chad
12.75,20.25,Chad
12.75,21.0,Chad
12.75,21.75,Chad
12.75,22.5,Chad
12.75,23.25,Sudan
12.75,24.0,Sudan
12.75,24.75,Sudan
12.75,25.5,Sudan
12.75,26.25,Sudan
12.75,27.0,Sudan
12.75,27.75,Sudan
12.75,28.5,Sudan
12.75,29.25,Sudan
12.75,30.0,Sudan
12.75,30.75,Sudan
12.75,31.5,Sudan
12.75,32.25,Sudan
12.75,33.0,Sudan
12.75,33.75,Sudan
12.75,34.5,Sudan
12.75,35.25,Sudan
12.75,36.0,Sudan
12.75,36.75,Sudan
12.75,37.5,Ethiopia
12.75,38.25,Ethiopia
12.75,39.0,Ethiopia
12.75,39.75,Ethiopia
12.75,40.5,Ethiopia
12.75,41.25,Ethiopia
12.75,42.0,Ethiopia
12.75,42.75,Djibouti
12.75,43.5,Eritrea
12.75,44.25,Yemen
12.75,45.0,Yemen
12.75,45.75,Yemen
12.75,46.5,Yemen
12.75,47.25,Yemen
12.75,48.0,Yemen
12.75,48.75,Yemen
12.75,49.5,Somalia
12.75,50.25,Somalia
12.75,51.0,Somalia
13.5,-10.5,Somalia
13.5,-9.75,Mali
13.5,-9.0,Mali
13.5,-8.25,Mali
13.5,-7.5,Mali
13.5,-6.75,Mali
13.5,-6.0,Mali
13.5,-5.25,Mali
13.5,-4.5,Mali
13.5,-3.75,Mali
13.5,-3.0,Burkina Faso
13.5,-2.25,Burkina Faso
13.5,-1.5,Burkina Faso
13.5,-0.75,Burkina Faso
13.5,0.0,Burkina Faso
13.5,0.75,Burkina Faso
13.5,1.5,Burkina Faso
13.5,2.25,Niger
13.5,3.0,Niger
13.5,3.75,Niger
13.5,4.5,Niger
13.5,5.25,Nigeria
13.5,6.0,Nigeria
13.5,6.75,Nigeria
13.5,7.5,Niger
13.5,8.25,Niger
13.5,9.0,Niger
13.5,9.75,Niger
13.5,10.5,Nigeria
13.5,11.25,Nigeria
13.5,12.0,Nigeria
13.5,12.75,Niger
13.5,13.5,Niger
13.5,14.25,Nigeria
13.5,15.0,Chad
13.5,15.75,Chad
13.5,16.5,Chad
13.5,17.25,Chad
13.5,18.0,Chad
13.5,18.75,Chad
13.5,19.5,Chad
13.5,20.25,Chad
13.5,21.0,Chad
13.5,21.75,Chad
13.5,22.5,Chad
13.5,23.25,Sudan
13.5,24.0,Sudan
13.5,24.75,Sudan
13.5,25.5,Sudan
13.5,26.25,Sudan
13.5,27.0,Sudan
13.5,27.75,Sudan
13.5,28.5,Sudan
13.5,29.25,Sudan
13.5,30.0,Sudan
13.5,30.75,Sudan
13.5,31.5,Sudan
13.5,32.25,Sudan
13.5,33.0,Sudan
13.5,33.75,Sudan
13.5,34.5,Sudan
13.5,35.25,Sudan
13.5,36.0,Sudan
13.5,36.75,Sudan
13.5,37.5,Sudan
13.5,38.25,Ethiopia
13.5,39.0,Ethiopia
13.5,39.75,Ethiopia
13.5,40.5,Ethiopia
13.5,41.25,Ethiopia
13.5,42.0,Eritrea
13.5,42.75,Eritrea
13.5,43.5,Eritrea
13.5,44.25,Yemen
13.5,45.0,Yemen
13.5,45.75,Yemen
13.5,46.5,Yemen
13.5,47.25,Yemen
13.5,48.0,Yemen
13.5,48.75,Yemen
13.5,49.5,Yemen
13.5,50.25,Yemen
13.5,51.0,Yemen
14.25,-10.5,Somalia
14.25,-9.75,Mali
14.25,-9.0,Mali
14.25,-8.25,Mali
14.25,-7.5,Mali
14.25,-6.75,Mali
14.25,-6.0,Mali
14.25,-5.25,Mali
14.25,-4.5,Mali
14.25,-3.75,Mali
14.25,-3.0,Mali
14.25,-2.25,Mali
14.25,-1.5,Burkina Faso
14.25,-0.75,Burkina Faso
14.25,0.0,Burkina Faso
14.25,0.75,Burkina Faso
14.25,1.5,Niger
14.25,2.25,Niger
14.25,3.0,Niger
14.25,3.75,Niger
14.25,4.5,Niger
14.25,5.25,Niger
14.25,6.0,Niger
14.25,6.75,Niger
14.25,7.5,Niger
14.25,8.25,Niger
14.25,9.0,Niger
14.25,9.75,Niger
14.25,10.5,Niger
14.25,11.25,Niger
14.25,12.0,Niger
14.25,12.75,Niger
14.25,13.5,Niger
14.25,14.25,Niger
14.25,15.0,Chad
14.25,15.75,Chad
14.25,16.5,Chad
14.25,17.25,Chad
14.25,18.0,Chad
14.25,18.75,Chad
14.25,19.5,Chad
14.25,20.25,Chad
14.25,21.0,Chad
14.25,21.75,Chad
14.25,22.5,Chad
14.25,23.25,Sudan
14.25,24.0,Sudan
14.25,24.75,Sudan
14.25,25.5,Sudan
14.25,26.25,Sudan
14.25,27.0,Sudan
14.25,27.75,Sudan
14.25,28.5,Sudan
14.25,29.25,Sudan
14.25,30.0,Sudan
14.25,30.75,Sudan
14.25,31.5,Sudan
14.25,32.25,Sudan
14.25,33.0,Sudan
14.25,33.75,Sudan
14.25,34.5,Sudan
14.25,35.25,Sudan
14.25,36.0,Sudan
14.25,36.75,Sudan
14.25,37.5,Eritrea
14.25,38.25,Ethiopia
14.25,39.0,Ethiopia
14.25,39.75,Ethiopia
14.25,40.5,Ethiopia
14.25,41.25,Ethiopia
14.25,42.0,Eritrea
14.25,42.75,Eritrea
14.25,43.5,Yemen
14.25,44.25,Yemen
14.25,45.0,Yemen
14.25,45.75,Yemen
14.25,46.5,Yemen
14.25,47.25,Yemen
14.25,48.0,Yemen
14.25,48.75,Yemen
14.25,49.5,Yemen
14.25,50.25,Yemen
14.25,51.0,Yemen
15.0,-10.5,Yemen
15.0,-9.75,Mali
15.0,-9.0,Mali
15.0,-8.25,Mali
15.0,-7.5,Mali
15.0,-6.75,Mali
15.0,-6.0,Mali
15.0,-5.25,Mali
15.0,-4.5,Mali
15.0,-3.75,Mali
15.0,-3.0,Mali
15.0,-2.25,Mali
15.0,-1.5,Mali
15.0,-0.75,Burkina Faso
15.0,0.0,Burkina Faso
15.0,0.75,Burkina Faso
15.0,1.5,Niger
15.0,2.25,Niger
15.0,3.0,Niger
15.0,3.75,Niger
15.0,4.5,Niger
15.0,5.25,Niger
15.0,6.0,Niger
15.0,6.75,Niger
15.0,7.5,Niger
15.0,8.25,Niger
15.0,9.0,Niger
15.0,9.75,Niger
15.0,10.5,Niger
15.0,11.25,Niger
15.0,12.0,Niger
15.0,12.75,Niger
15.0,13.5,Niger
15.0,14.25,Niger
15.0,15.0,Niger
15.0,15.75,Chad
15.0,16.5,Chad
15.0,17.25,Chad
15.0,18.0,Chad
15.0,18.75,Chad
15.0,19.5,Chad
15.0,20.25,Chad
15.0,21.0,Chad
15.0,21.75,Chad
15.0,22.5,Chad
15.0,23.25,Chad
15.0,24.0,Chad
15.0,24.75,Sudan
15.0,25.5,Sudan
15.0,26.25,Sudan
15.0,27.0,Sudan
15.0,27.75,Sudan
15.0,28.5,Sudan
15.0,29.25,Sudan
15.0,30.0,Sudan
15.0,30.75,Sudan
15.0,31.5,Sudan
15.0,32.25,Sudan
15.0,33.0,Sudan
15.0,33.75,Sudan
15.0,34.5,Sudan
15.0,35.25,Sudan
15.0,36.0,Sudan
15.0,36.75,Sudan
15.0,37.5,Eritrea
15.0,38.25,Eritrea
15.0,39.0,Eritrea
15.0,39.75,Eritrea
15.0,40.5,Eritrea
15.0,41.25,Eritrea
15.0,42.0,Eritrea
15.0,42.75,Yemen
15.0,43.5,Yemen
15.0,44.25,Yemen
15.0,45.0,Yemen
15.0,45.75,Yemen
15.0,46.5,Yemen
15.0,47.25,Yemen
15.0,48.0,Yemen
15.0,48.75,Yemen
15.0,49.5,Yemen
15.0,50.25,Yemen
15.0,51.0,Yemen
15.75,-10.5,Yemen
15.75,-9.75,Mali
15.75,-9.0,Mali
15.75,-8.25,Mali
15.75,-7.5,Mali
15.75,-6.75,Mali
15.75,-6.0,Mali
15.75,-5.25,Mali
15.75,-4.5,Mali
15.75,-3.75,Mali
15.75,-3.0,Mali
15.75,-2.25,Mali
15.75,-1.5,Mali
15.75,-0.75,Mali
15.75,0.0,Mali
15.75,0.75,Mali
15.75,1.5,Mali
15.75,2.25,Mali
15.75,3.0,Mali
15.75,3.75,Mali
15.75,4.5,Mali
15.75,5.25,Niger
15.75,6.0,Niger
15.75,6.75,Niger
15.75,7.5,Niger
15.75,8.25,Niger
15.75,9.0,Niger
15.75,9.75,Niger
15.75,10.5,Niger
15.75,11.25,Niger
15.75,12.0,Niger
15.75,12.75,Niger
15.75,13.5,Niger
15.75,14.25,Niger
15.75,15.0,Niger
15.75,15.75,Chad
15.75,16.5,Chad
15.75,17.25,Chad
15.75,18.0,Chad
15.75,18.75,Chad
15.75,19.5,Chad
15.75,20.25,Chad
15.75,21.0,Chad
15.75,21.75,Chad
15.75,22.5,Chad
15.75,23.25,Chad
15.75,24.0,Chad
15.75,24.75,Chad
15.75,25.5,Sudan
15.75,26.25,Sudan
15.75,27.0,Sudan
15.75,27.75,Sudan
15.75,28.5,Sudan
15.75,29.25,Sudan
15.75,30.0,Sudan
15.75,30.75,Sudan
15.75,31.5,Sudan
15.75,32.25,Sudan
15.75,33.0,Sudan
15.75,33.75,Sudan
15.75,34.5,Sudan
15.75,35.25,Sudan
15.75,36.0,Sudan
15.75,36.75,Sudan
15.75,37.5,Sudan
15.75,38.25,Eritrea
15.75,39.0,Eritrea
15.75,39.75,Eritrea
15.75,40.5,Eritrea
15.75,41.25,Eritrea
15.75,42.0,Saudi Arabia
15.75,42.75,Yemen
15.75,43.5,Yemen
15.75,44.25,Yemen
15.75,45.0,Yemen
15.75,45.75,Yemen
15.75,46.5,Yemen
15.75,47.25,Yemen
15.75,48.0,Yemen
15.75,48.75,Yemen
15.75,49.5,Yemen
15.75,50.25,Yemen
15.75,51.0,Yemen
16.5,-10.5,Yemen
16.5,-9.75,Mauritania
16.5,-9.0,Mauritania
16.5,-8.25,Mauritania
16.5,-7.5,Mauritania
16.5,-6.75,Mauritania
16.5,-6.0,Mauritania
16.5,-5.25,Mauritania
16.5,-4.5,Mali
16.5,-3.75,Mali
16.5,-3.0,Mali
16.5,-2.25,Mali
16.5,-1.5,Mali
16.5,-0.75,Mali
16.5,0.0,Mali
16.5,0.75,Mali
16.5,1.5,Mali
16.5,2.25,Mali
16.5,3.0,Mali
16.5,3.75,Mali
16.5,4.5,Mali
16.5,5.25,Niger
16.5,6.0,Niger
16.5,6.75,Niger
16.5,7.5,Niger
16.5,8.25,Niger
16.5,9.0,Niger
16.5,9.75,Niger
16.5,10.5,Niger
16.5,11.25,Niger
16.5,12.0,Niger
16.5,12.75,Niger
16.5,13.5,Niger
16.5,14.25,Niger
16.5,15.0,Niger
16.5,15.75,Chad
16.5,16.5,Chad
16.5,17.25,Chad
16.5,18.0,Chad
16.5,18.75,Chad
16.5,19.5,Chad
16.5,20.25,Chad
16.5,21.0,Chad
16.5,21.75,Chad
16.5,22.5,Chad
16.5,23.25,Chad
16.5,24.0,Chad
16.5,24.75,Chad
16.5,25.5,Chad
16.5,26.25,Sudan
16.5,27.0,Sudan
16.5,27.75,Sudan
16.5,28.5,Sudan
16.5,29.25,Sudan
16.5,30.0,Sudan
16.5,30.75,Sudan
16.5,31.5,Sudan
16.5,32.25,Sudan
16.5,33.0,Sudan
16.5,33.75,Sudan
16.5,34.5,Sudan
16.5,35.25,Sudan
16.5,36.0,Sudan
16.5,36.75,Sudan
16.5,37.5,Sudan
16.5,38.25,Eritrea
16.5,39.0,Eritrea
16.5,39.75,Eritrea
16.5,40.5,Eritrea
16.5,41.25,Eritrea
16.5,42.0,Saudi Arabia
16.5,42.75,Saudi Arabia
16.5,43.5,Saudi Arabia
16.5,44.25,Yemen
16.5,45.0,Yemen
16.5,45.75,Yemen
16.5,46.5,Yemen
16.5,47.25,Yemen
16.5,48.0,Yemen
16.5,48.75,Yemen
16.5,49.5,Yemen
16.5,50.25,Yemen
16.5,51.0,Yemen
17.25,-10.5,Yemen
17.25,-9.75,Mauritania
17.25,-9.0,Mauritania
17.25,-8.25,Mauritania
17.25,-7.5,Mauritania
17.25,-6.75,Mauritania
17.25,-6.0,Mauritania
17.25,-5.25,Mauritania
17.25,-4.5,Mali
17.25,-3.75,Mali
17.25,-3.0,Mali
17.25,-2.25,Mali
17.25,-1.5,Mali
17.25,-0.75,Mali
17.25,0.0,Mali
17.25,0.75,Mali
17.25,1.5,Mali
17.25,2.25,Mali
17.25,3.0,Mali
17.25,3.75,Mali
17.25,4.5,Mali
17.25,5.25,Mali
17.25,6.0,Niger
17.25,6.75,Niger
17.25,7.5,Niger
17.25,8.25,Niger
17.25,9.0,Niger
17.25,9.75,Niger
17.25,10.5,Niger
17.25,11.25,Niger
17.25,12.0,Niger
17.25,12.75,Niger
17.25,13.5,Niger
17.25,14.25,Niger
17.25,15.0,Niger
17.25,15.75,Niger
17.25,16.5,Chad
17.25,17.25,Chad
17.25,18.0,Chad
17.25,18.75,Chad
17.25,19.5,Chad
17.25,20.25,Chad
17.25,21.0,Chad
17.25,21.75,Chad
17.25,22.5,Chad
17.25,23.25,Chad
17.25,24.0,Chad
17.25,24.75,Chad
17.25,25.5,Chad
17.25,26.25,Chad
17.25,27.0,Sudan
17.25,27.75,Sudan
17.25,28.5,Sudan
17.25,29.25,Sudan
17.25,30.0,Sudan
17.25,30.75,Sudan
17.25,31.5,Sudan
17.25,32.25,Sudan
17.25,33.0,Sudan
17.25,33.75,Sudan
17.25,34.5,Sudan
17.25,35.25,Sudan
17.25,36.0,Sudan
17.25,36.75,Sudan
17.25,37.5,Sudan
17.25,38.25,Sudan
17.25,39.0,Sudan
17.25,39.75,Eritrea
17.25,40.5,Eritrea
17.25,41.25,Saudi Arabia
17.25,42.0,Saudi Arabia
17.25,42.75,Saudi Arabia
17.25,43.5,Saudi Arabia
17.25,44.25,Yemen
17.25,45.0,Yemen
17.25,45.75,Yemen
17.25,46.5,Yemen
17.25,47.25,Yemen
17.25,48.0,Yemen
17.25,48.75,Yemen
17.25,49.5,Yemen
17.25,50.25,Yemen
17.25,51.0,Yemen