Lat,Lon,Country
-34.5,19.5,South Africa
-34.5,20.25,South Africa
-34.5,21.0,South Africa
-34.5,21.75,South Africa
-34.5,22.5,South Africa
-33.75,18.0,South Africa
-33.75,18.75,South Africa
-33.75,19.5,South Africa
-33.75,20.25,South Africa
-33.75,21.0,South Africa
-33.75,21.75,South Africa
-33.75,22.5,South Africa
-33.75,23.25,South Africa
-33.75,24.0,South Africa
-33.75,24.75,South Africa
-33.75,25.5,South Africa
-33.75,26.25,South Africa
-33.75,27.0,South Africa
-33.0,18.0,South Africa
-33.0,18.75,South Africa
-33.0,19.5,South Africa
-33.0,20.25,South Africa
-33.0,21.0,South Africa
-33.0,21.75,South Africa
-33.0,22.5,South Africa
-33.0,23.25,South Africa
-33.0,24.0,South Africa
-33.0,24.75,South Africa
-33.0,25.5,South Africa
-33.0,26.25,South Africa
-33.0,27.0,South Africa
-33.0,27.75,South Africa
-23.25,18.75,Namibia
-32.25,19.5,South Africa
-32.25,20.25,South Africa
-32.25,21.0,South Africa
-32.25,21.75,South Africa
-32.25,22.5,South Africa
-32.25,23.25,South Africa
-32.25,24.0,South Africa
-32.25,24.75,South Africa
-32.25,25.5,South Africa
-32.25,26.25,South Africa
-32.25,27.0,South Africa
-32.25,27.75,South Africa
-32.25,28.5,South Africa
-31.5,18.0,South Africa
-31.5,18.75,South Africa
-31.5,19.5,South Africa
-31.5,20.25,South Africa
-31.5,21.0,South Africa
-31.5,21.75,South Africa
-31.5,22.5,South Africa
-31.5,23.25,South Africa
-31.5,24.0,South Africa
-31.5,24.75,South Africa
-31.5,25.5,South Africa
-31.5,26.25,South Africa
-31.5,27.0,South Africa
-31.5,27.75,South Africa
-31.5,28.5,South Africa
-31.5,29.25,South Africa
-31.5,30.0,South Africa
-30.75,18.0,South Africa
-30.75,18.75,South Africa
-30.75,19.5,South Africa
-30.75,20.25,South Africa
-30.75,21.0,South Africa
-30.75,21.75,South Africa
-30.75,22.5,South Africa
-30.75,23.25,South Africa
-30.75,24.0,South Africa
-30.75,24.75,South Africa
-30.75,25.5,South Africa
-30.75,26.25,South Africa
-30.75,27.0,South Africa
-30.75,28.5,South Africa
-30.75,29.25,South Africa
-30.75,30.0,South Africa
-30.0,17.25,South Africa
-30.0,18.0,South Africa
-30.0,18.75,South Africa
-30.0,19.5,South Africa
-30.0,20.25,South Africa
-30.0,21.0,South Africa
-30.0,21.75,South Africa
-30.0,22.5,South Africa
-30.0,23.25,South Africa
-30.0,24.0,South Africa
-30.0,24.75,South Africa
-30.0,25.5,South Africa
-30.0,26.25,South Africa
-30.0,27.0,South Africa
-30.0,27.75,Lesotho
-30.0,28.5,Lesotho
-30.0,29.25,South Africa
-30.0,30.0,South Africa
-30.0,30.75,South Africa
-29.25,17.25,South Africa
-29.25,18.0,South Africa
-29.25,18.75,South Africa
-29.25,19.5,South Africa
-29.25,20.25,South Africa
-29.25,21.0,South Africa
-29.25,21.75,South Africa
-29.25,22.5,South Africa
-29.25,23.25,South Africa
-29.25,24.0,South Africa
-29.25,24.75,South Africa
-29.25,25.5,South Africa
-29.25,26.25,South Africa
-29.25,27.0,South Africa
-29.25,27.75,Lesotho
-29.25,28.5,Lesotho
-29.25,29.25,Lesotho
-29.25,30.0,South Africa
-29.25,30.75,South Africa
-28.5,16.5,Namibia
-28.5,17.25,South Africa
-28.5,18.0,Namibia
-28.5,18.75,Namibia
-28.5,19.5,South Africa
-28.5,20.25,South Africa
-28.5,21.0,South Africa
-28.5,21.75,South Africa
-28.5,22.5,South Africa
-28.5,23.25,South Africa
-28.5,24.0,South Africa
-28.5,24.75,South Africa
-28.5,25.5,South Africa
-28.5,26.25,South Africa
-28.5,27.0,South Africa
-28.5,27.75,South Africa
-28.5,28.5,South Africa
-28.5,29.25,South Africa
-28.5,30.0,South Africa
-28.5,30.75,South Africa
-28.5,31.5,South Africa
-28.5,32.25,South Africa
-27.75,15.75,Namibia
-27.75,16.5,Namibia
-27.75,17.25,Namibia
-27.75,18.0,Namibia
-27.75,18.75,Namibia
-27.75,19.5,Namibia
-27.75,20.25,South Africa
-27.75,21.0,South Africa
-27.75,21.75,South Africa
-27.75,22.5,South Africa
-27.75,23.25,South Africa
-27.75,24.0,South Africa
-27.75,24.75,South Africa
-27.75,25.5,South Africa
-27.75,26.25,South Africa
-27.75,27.0,South Africa
-27.75,27.75,South Africa
-27.75,28.5,South Africa
-27.75,29.25,South Africa
-27.75,30.0,South Africa
-27.75,30.75,South Africa
-27.75,31.5,South Africa
-27.75,32.25,South Africa
-27.0,15.0,Namibia
-27.0,15.75,Namibia
-27.0,16.5,Namibia
-27.0,17.25,Namibia
-27.0,18.0,Namibia
-27.0,18.75,Namibia
-27.0,19.5,Namibia
-27.0,20.25,South Africa
-27.0,21.0,South Africa
-27.0,21.75,South Africa
-27.0,22.5,South Africa
-27.0,23.25,South Africa
-27.0,24.0,South Africa
-27.0,24.75,South Africa
-27.0,25.5,South Africa
-27.0,26.25,South Africa
-27.0,27.0,South Africa
-27.0,27.75,South Africa
-27.0,28.5,South Africa
-27.0,29.25,South Africa
-27.0,30.0,South Africa
-27.0,30.75,South Africa
-27.0,31.5,eSwatini
-27.0,32.25,South Africa
-27.0,33.0,South Africa
-26.25,15.0,Namibia
-26.25,15.75,Namibia
-26.25,16.5,Namibia
-26.25,17.25,Namibia
-26.25,18.0,Namibia
-26.25,18.75,Namibia
-26.25,19.5,Namibia
-26.25,20.25,South Africa
-26.25,21.0,Botswana
-26.25,21.75,Botswana
-26.25,22.5,South Africa
-26.25,23.25,South Africa
-26.25,24.0,South Africa
-26.25,24.75,South Africa
-26.25,25.5,South Africa
-26.25,26.25,South Africa
-26.25,27.0,South Africa
-26.25,27.75,South Africa
-26.25,28.5,South Africa
-26.25,29.25,South Africa
-26.25,30.0,South Africa
-26.25,30.75,South Africa
-26.25,31.5,eSwatini
-26.25,32.25,Mozambique
-26.25,33.0,Mozambique
-25.5,15.0,Namibia
-25.5,15.75,Namibia
-25.5,16.5,Namibia
-25.5,17.25,Namibia
-25.5,18.0,Namibia
-25.5,18.75,Namibia
-25.5,19.5,Namibia
-25.5,20.25,South Africa
-25.5,21.0,Botswana
-25.5,21.75,Botswana
-25.5,22.5,Botswana
-25.5,23.25,South Africa
-25.5,24.0,Botswana
-25.5,24.75,Botswana
-25.5,25.5,Botswana
-25.5,26.25,South Africa
-25.5,27.0,South Africa
-25.5,27.75,South Africa
-25.5,28.5,South Africa
-25.5,29.25,South Africa
-25.5,30.0,South Africa
-25.5,30.75,South Africa
-25.5,31.5,South Africa
-25.5,32.25,Mozambique
-25.5,33.0,Mozambique
-25.5,44.25,Madagascar
-25.5,45.0,Madagascar
-25.5,45.75,Madagascar
-25.5,46.5,Madagascar
-24.75,15.0,Namibia
-24.75,15.75,Namibia
-24.75,16.5,Namibia
-24.75,17.25,Namibia
-24.75,18.0,Namibia
-24.75,18.75,Namibia
-24.75,19.5,Namibia
-24.75,20.25,Botswana
-24.75,21.0,Botswana
-24.75,21.75,Botswana
-24.75,22.5,Botswana
-24.75,23.25,Botswana
-24.75,24.0,Botswana
-24.75,24.75,Botswana
-24.75,25.5,Botswana
-24.75,26.25,South Africa
-24.75,27.0,South Africa
-24.75,27.75,South Africa
-24.75,28.5,South Africa
-24.75,29.25,South Africa
-24.75,30.0,South Africa
-24.75,30.75,South Africa
-24.75,31.5,South Africa
-24.75,32.25,Mozambique
-24.75,33.0,Mozambique
-24.75,33.75,Mozambique
-24.75,34.5,Mozambique
-24.75,35.25,Mozambique
-24.75,44.25,Madagascar
-24.75,45.0,Madagascar
-24.75,45.75,Madagascar
-24.75,46.5,Madagascar
-24.75,47.25,Madagascar
-24.0,15.0,Namibia
-24.0,15.75,Namibia
-24.0,16.5,Namibia
-24.0,17.25,Namibia
-24.0,18.0,Namibia
-24.0,18.75,Namibia
-24.0,19.5,Namibia
-24.0,20.25,Botswana
-24.0,21.0,Botswana
-24.0,21.75,Botswana
-24.0,22.5,Botswana
-24.0,23.25,Botswana
-24.0,24.0,Botswana
-24.0,24.75,Botswana
-24.0,25.5,Botswana
-24.0,26.25,Botswana
-24.0,27.0,South Africa
-24.0,27.75,South Africa
-24.0,28.5,South Africa
-24.0,29.25,South Africa
-24.0,30.0,South Africa
-24.0,30.75,South Africa
-24.0,31.5,South Africa
-24.0,32.25,Mozambique
-24.0,33.0,Mozambique
-24.0,33.75,Mozambique
-24.0,34.5,Mozambique
-24.0,35.25,Mozambique
-24.0,44.25,Madagascar
-24.0,45.0,Madagascar
-24.0,45.75,Madagascar
-24.0,46.5,Madagascar
-24.0,47.25,Madagascar
-24.0,48.0,Madagascar
-23.25,14.25,Namibia
-23.25,15.0,Namibia
-23.25,15.75,Namibia
-23.25,16.5,Namibia
-23.25,17.25,Namibia
-23.25,18.0,Namibia
-23.25,18.75,Namibia
-23.25,19.5,Namibia
-23.25,20.25,Botswana
-23.25,21.0,Botswana
-23.25,21.75,Botswana
-23.25,22.5,Botswana
-23.25,23.25,Botswana
-23.25,24.0,Botswana
-23.25,24.75,Botswana
-23.25,25.5,Botswana
-23.25,26.25,Botswana
-23.25,27.0,Botswana
-23.25,27.75,South Africa
-23.25,28.5,South Africa
-23.25,29.25,South Africa
-23.25,30.0,South Africa
-23.25,30.75,South Africa
-23.25,31.5,South Africa
-23.25,32.25,Mozambique
-23.25,33.0,Mozambique
-23.25,33.75,Mozambique
-23.25,34.5,Mozambique
-23.25,35.25,Mozambique
-23.25,36.0,Mozambique
-23.25,43.5,Madagascar
-23.25,44.25,Madagascar
-23.25,45.0,Madagascar
-23.25,45.75,Madagascar
-23.25,46.5,Madagascar
-23.25,47.25,Madagascar
-23.25,48.0,Madagascar
-22.5,14.25,Namibia
-22.5,15.0,Namibia
-22.5,15.75,Namibia
-22.5,16.5,Namibia
-22.5,17.25,Namibia
-22.5,18.0,Namibia
-22.5,18.75,Namibia
-22.5,19.5,Namibia
-22.5,20.25,Botswana
-22.5,21.0,Botswana
-22.5,21.75,Botswana
-22.5,22.5,Botswana
-22.5,23.25,Botswana
-22.5,24.0,Botswana
-22.5,24.75,Botswana
-22.5,25.5,Botswana
-22.5,26.25,Botswana
-22.5,27.0,Botswana
-22.5,27.75,Botswana
-22.5,28.5,Botswana
-22.5,29.25,South Africa
-22.5,30.0,South Africa
-22.5,30.75,South Africa
-22.5,31.5,Mozambique
-22.5,32.25,Mozambique
-22.5,33.0,Mozambique
-22.5,33.75,Mozambique
-22.5,34.5,Mozambique
-22.5,35.25,Mozambique
-22.5,42.75,Madagascar
-22.5,43.5,Madagascar
-22.5,44.25,Madagascar
-22.5,45.0,Madagascar
-22.5,45.75,Madagascar
-22.5,46.5,Madagascar
-22.5,47.25,Madagascar
-22.5,48.0,Madagascar
-21.75,14.25,Namibia
-21.75,15.0,Namibia
-21.75,15.75,Namibia
-21.75,16.5,Namibia
-21.75,17.25,Namibia
-21.75,18.0,Namibia
-21.75,18.75,Namibia
-21.75,19.5,Namibia
-21.75,20.25,Namibia
-21.75,21.0,Botswana
-21.75,21.75,Botswana
-21.75,22.5,Botswana
-21.75,23.25,Botswana
-21.75,24.0,Botswana
-21.75,24.75,Botswana
-21.75,25.5,Botswana
-21.75,26.25,Botswana
-21.75,27.0,Botswana
-21.75,27.75,Botswana
-21.75,28.5,Zimbabwe
-21.75,29.25,Zimbabwe
-21.75,30.0,Zimbabwe
-21.75,30.75,Zimbabwe
-21.75,31.5,Zimbabwe
-21.75,33.0,Mozambique
-21.75,33.75,Mozambique
-21.75,34.5,Mozambique
-21.75,35.25,Mozambique
-21.75,43.5,Madagascar
-21.75,44.25,Madagascar
-21.75,45.0,Madagascar
-21.75,45.75,Madagascar
-21.75,46.5,Madagascar
-21.75,47.25,Madagascar
-21.75,48.0,Madagascar
-21.0,13.5,Namibia
-21.0,14.25,Namibia
-21.0,15.0,Namibia
-21.0,15.75,Namibia
-21.0,16.5,Namibia
-21.0,17.25,Namibia
-21.0,18.0,Namibia
-21.0,18.75,Namibia
-21.0,19.5,Namibia
-21.0,20.25,Namibia
-21.0,21.0,Botswana
-21.0,21.75,Botswana
-21.0,22.5,Botswana
-21.0,23.25,Botswana
-21.0,24.0,Botswana
-21.0,24.75,Botswana
-21.0,25.5,Botswana
-21.0,26.25,Botswana
-21.0,27.0,Botswana
-21.0,27.75,Zimbabwe
-21.0,28.5,Zimbabwe
-21.0,29.25,Zimbabwe
-21.0,30.0,Zimbabwe
-21.0,30.75,Zimbabwe
-21.0,31.5,Zimbabwe
-21.0,32.25,Zimbabwe
-21.0,33.0,Mozambique
-21.0,33.75,Mozambique
-21.0,34.5,Mozambique
-21.0,35.25,Mozambique
-21.0,43.5,Madagascar
-21.0,44.25,Madagascar
-21.0,45.0,Madagascar
-21.0,45.75,Madagascar
-21.0,46.5,Madagascar
-21.0,47.25,Madagascar
-21.0,48.0,Madagascar
-20.25,12.75,Namibia
-20.25,13.5,Namibia
-20.25,14.25,Namibia
-20.25,15.0,Namibia
-20.25,15.75,Namibia
-20.25,16.5,Namibia
-20.25,17.25,Namibia
-20.25,18.0,Namibia
-20.25,18.75,Namibia
-20.25,19.5,Namibia
-20.25,20.25,Namibia
-20.25,21.0,Botswana
-20.25,21.75,Botswana
-20.25,22.5,Botswana
-20.25,23.25,Botswana
-20.25,24.0,Botswana
-20.25,24.75,Botswana
-20.25,25.5,Botswana
-20.25,26.25,Botswana
-20.25,27.0,Botswana
-20.25,27.75,Zimbabwe
-20.25,28.5,Zimbabwe
-20.25,29.25,Zimbabwe
-20.25,30.0,Zimbabwe
-20.25,30.75,Zimbabwe
-20.25,31.5,Zimbabwe
-20.25,32.25,Zimbabwe
-20.25,33.0,Mozambique
-20.25,33.75,Mozambique
-20.25,34.5,Mozambique
-20.25,35.25,Mozambique
-20.25,48.75,Madagascar
-20.25,49.5,Madagascar
-20.25,50.25,Madagascar
-19.5,12.75,Namibia
-19.5,13.5,Namibia
-19.5,14.25,Namibia
-19.5,15.0,Namibia
-19.5,15.75,Namibia
-19.5,16.5,Namibia
-19.5,17.25,Namibia
-19.5,18.0,Namibia
-19.5,18.75,Namibia
-19.5,19.5,Namibia
-19.5,20.25,Namibia
-19.5,21.0,Botswana
-19.5,21.75,Botswana
-19.5,22.5,Botswana
-19.5,23.25,Botswana
-19.5,24.0,Botswana
-19.5,24.75,Botswana
-19.5,25.5,Botswana
-19.5,27.0,Zimbabwe
-19.5,27.75,Zimbabwe
-19.5,28.5,Zimbabwe
-19.5,29.25,Zimbabwe
-19.5,30.0,Zimbabwe
-19.5,30.75,Zimbabwe
-19.5,31.5,Zimbabwe
-19.5,32.25,Zimbabwe
-19.5,33.0,Mozambique
-19.5,33.75,Mozambique
-19.5,34.5,Mozambique
-19.5,45.0,Madagascar
-19.5,45.75,Madagascar
-19.5,46.5,Madagascar
-19.5,47.25,Madagascar
-19.5,48.0,Madagascar
-19.5,48.75,Madagascar
-18.75,12.75,Namibia
-18.75,13.5,Namibia
-18.75,14.25,Namibia
-18.75,15.0,Namibia
-18.75,15.75,Namibia
-18.75,16.5,Namibia
-18.75,17.25,Namibia
-18.75,18.0,Namibia
-18.75,18.75,Namibia
-18.75,19.5,Namibia
-18.75,20.25,Namibia
-18.75,21.0,Botswana
-18.75,21.75,Botswana
-18.75,22.5,Botswana
-18.75,23.25,Botswana
-18.75,24.0,Botswana
-18.75,24.75,Botswana
-18.75,25.5,Botswana
-18.75,26.25,Zimbabwe
-18.75,27.0,Zimbabwe
-18.75,27.75,Zimbabwe
-18.75,28.5,Zimbabwe
-18.75,29.25,Zimbabwe
-18.75,30.0,Zimbabwe
-18.75,30.75,Zimbabwe
-18.75,31.5,Zimbabwe
-18.75,32.25,Zimbabwe
-18.75,33.0,Mozambique
-18.75,33.75,Mozambique
-18.75,34.5,Mozambique
-18.75,35.25,Mozambique
-18.75,36.0,Mozambique
-18.75,44.25,Madagascar
-18.75,45.0,Madagascar
-18.75,45.75,Madagascar
-18.75,46.5,Madagascar
-18.75,47.25,Madagascar
-18.75,48.0,Madagascar
-18.75,48.75,Madagascar
-18.0,12.0,Namibia
-18.0,12.75,Namibia
-18.0,13.5,Namibia
-18.0,14.25,Namibia
-18.0,15.0,Namibia
-18.0,15.75,Namibia
-18.0,16.5,Namibia
-18.0,17.25,Namibia
-18.0,18.0,Namibia
-18.0,18.75,Namibia
-18.0,19.5,Namibia
-18.0,20.25,Namibia
-18.0,21.0,Namibia
-18.0,21.75,Namibia
-18.0,22.5,Namibia
-18.0,23.25,Botswana
-18.0,24.0,Namibia
-18.0,24.75,Botswana
-18.0,25.5,Zimbabwe
-18.0,26.25,Zimbabwe
-18.0,27.0,Zimbabwe
-18.0,27.75,Zimbabwe
-18.0,28.5,Zimbabwe
-18.0,29.25,Zimbabwe
-18.0,30.0,Zimbabwe
-18.0,30.75,Zimbabwe
-18.0,31.5,Zimbabwe
-18.0,32.25,Zimbabwe
-18.0,33.0,Mozambique
-18.0,33.75,Mozambique
-18.0,34.5,Mozambique
-18.0,35.25,Mozambique
-18.0,36.0,Mozambique
-18.0,36.75,Mozambique
-18.0,44.25,Madagascar
-18.0,45.0,Madagascar
-18.0,45.75,Madagascar
-18.0,46.5,Madagascar
-18.0,47.25,Madagascar
-18.0,48.0,Madagascar
-18.0,48.75,Madagascar
-18.0,49.5,Madagascar
-17.25,12.0,Angola
-17.25,12.75,Namibia
-17.25,13.5,Namibia
-17.25,14.25,Angola
-17.25,15.0,Angola
-17.25,15.75,Angola
-17.25,16.5,Angola
-17.25,17.25,Namibia
-17.25,18.0,Namibia
-17.25,18.75,Angola
-17.25,19.5,Angola
-17.25,20.25,Angola
-17.25,21.0,Angola
-17.25,21.75,Angola
-17.25,22.5,Angola
-17.25,23.25,Zambia
-17.25,24.0,Zambia
-17.25,24.75,Zambia
-17.25,25.5,Zambia
-17.25,26.25,Zambia
-17.25,27.0,Zambia
-17.25,27.75,Zimbabwe
-17.25,28.5,Zimbabwe
-17.25,29.25,Zimbabwe
-17.25,30.0,Zimbabwe
-17.25,30.75,Zimbabwe
-17.25,31.5,Zimbabwe
-17.25,32.25,Zimbabwe
-17.25,33.0,Zimbabwe
-17.25,33.75,Mozambique
-17.25,34.5,Mozambique
-17.25,35.25,Mozambique
-17.25,36.0,Mozambique
-17.25,36.75,Mozambique
-17.25,37.5,Mozambique
-17.25,38.25,Mozambique
-17.25,44.25,Madagascar
-17.25,45.0,Madagascar
-17.25,45.75,Madagascar
-17.25,46.5,Madagascar
-17.25,47.25,Madagascar
-17.25,48.0,Madagascar
-17.25,48.75,Madagascar
-17.25,49.5,Madagascar
-16.5,12.0,Angola
-16.5,12.75,Angola
-16.5,13.5,Angola
-16.5,14.25,Angola
-16.5,15.0,Angola
-16.5,15.75,Angola
-16.5,16.5,Angola
-16.5,17.25,Angola
-16.5,18.0,Angola
-16.5,18.75,Angola
-16.5,19.5,Angola
-16.5,20.25,Angola
-16.5,21.0,Angola
-16.5,21.75,Angola
-16.5,22.5,Zambia
-16.5,23.25,Zambia
-16.5,24.0,Zambia
-16.5,24.75,Zambia
-16.5,25.5,Zambia
-16.5,26.25,Zambia
-16.5,27.0,Zambia
-16.5,27.75,Zambia
-16.5,28.5,Zambia
-16.5,29.25,Zimbabwe
-16.5,30.0,Zimbabwe
-16.5,30.75,Zimbabwe
-16.5,31.5,Zimbabwe
-16.5,32.25,Zimbabwe
-16.5,33.0,Mozambique
-16.5,33.75,Mozambique
-16.5,34.5,Mozambique
-16.5,35.25,Mozambique
-16.5,36.0,Mozambique
-16.5,36.75,Mozambique
-16.5,37.5,Mozambique
-16.5,38.25,Mozambique
-16.5,39.0,Mozambique
-16.5,39.75,Mozambique
-16.5,45.0,Madagascar
-16.5,45.75,Madagascar
-16.5,46.5,Madagascar
-16.5,47.25,Madagascar
-16.5,48.0,Madagascar
-16.5,48.75,Madagascar
-16.5,49.5,Madagascar
-15.75,12.0,Angola
-15.75,12.75,Angola
-15.75,13.5,Angola
-15.75,14.25,Angola
-15.75,15.0,Angola
-15.75,15.75,Angola
-15.75,16.5,Angola
-15.75,17.25,Angola
-15.75,18.0,Angola
-15.75,18.75,Angola
-15.75,19.5,Angola
-15.75,20.25,Angola
-15.75,21.0,Angola
-15.75,21.75,Angola
-15.75,22.5,Zambia
-15.75,23.25,Zambia
-15.75,24.0,Zambia
-15.75,24.75,Zambia
-15.75,25.5,Zambia
-15.75,26.25,Zambia
-15.75,27.0,Zambia
-15.75,27.75,Zambia
-15.75,28.5,Zambia
-15.75,29.25,Zambia
-15.75,30.0,Zimbabwe
-15.75,30.75,Mozambique
-15.75,31.5,Mozambique
-15.75,32.25,Mozambique
-15.75,33.0,Mozambique
-15.75,33.75,Mozambique
-15.75,34.5,Malawi
-15.75,35.25,Malawi
-15.75,36.0,Mozambique
-15.75,36.75,Mozambique
-15.75,37.5,Mozambique
-15.75,38.25,Mozambique
-15.75,39.0,Mozambique
-15.75,39.75,Mozambique
-15.75,46.5,Madagascar
-15.75,47.25,Madagascar
-15.75,48.0,Madagascar
-15.75,48.75,Madagascar
-15.75,49.5,Madagascar
-15.75,50.25,Madagascar
-15.0,12.75,Angola
-15.0,13.5,Angola
-15.0,14.25,Angola
-15.0,15.0,Angola
-15.0,15.75,Angola
-15.0,16.5,Angola
-15.0,17.25,Angola
-15.0,18.0,Angola
-15.0,18.75,Angola
-15.0,19.5,Angola
-15.0,20.25,Angola
-15.0,21.0,Angola
-15.0,21.75,Angola
-15.0,22.5,Zambia
-15.0,23.25,Zambia
-15.0,24.0,Zambia
-15.0,24.75,Zambia
-15.0,25.5,Zambia
-15.0,26.25,Zambia
-15.0,27.0,Zambia
-15.0,27.75,Zambia
-15.0,28.5,Zambia
-15.0,29.25,Zambia
-15.0,30.0,Zambia
-15.0,30.75,Mozambique
-15.0,31.5,Mozambique
-15.0,32.25,Mozambique
-15.0,33.0,Mozambique
-15.0,33.75,Mozambique
-15.0,34.5,Mozambique
-15.0,35.25,Malawi
-15.0,36.0,Mozambique
-15.0,36.75,Mozambique
-15.0,37.5,Mozambique
-15.0,38.25,Mozambique
-15.0,39.0,Mozambique
-15.0,39.75,Mozambique
-15.0,40.5,Mozambique
-15.0,48.0,Madagascar
-15.0,48.75,Madagascar
-15.0,49.5,Madagascar
-15.0,50.25,Madagascar
-14.25,12.75,Angola
-14.25,13.5,Angola
-14.25,14.25,Angola
-14.25,15.0,Angola
-14.25,15.75,Angola
-14.25,16.5,Angola
-14.25,17.25,Angola
-14.25,18.0,Angola
-14.25,18.75,Angola
-14.25,19.5,Angola
-14.25,20.25,Angola
-14.25,21.0,Angola
-14.25,21.75,Angola
-14.25,22.5,Zambia
-14.25,23.25,Zambia
-14.25,24.0,Zambia
-14.25,24.75,Zambia
-14.25,25.5,Zambia
-14.25,26.25,Zambia
-14.25,27.0,Zambia
-14.25,27.75,Zambia
-14.25,28.5,Zambia
-14.25,29.25,Zambia
-14.25,30.0,Zambia
-14.25,30.75,Zambia
-14.25,31.5,Zambia
-14.25,32.25,Zambia
-14.25,33.0,Mozambique
-14.25,33.75,Malawi
-14.25,34.5,Malawi
-14.25,35.25,Malawi
-14.25,36.0,Mozambique
-14.25,36.75,Mozambique
-14.25,37.5,Mozambique
-14.25,38.25,Mozambique
-14.25,39.0,Mozambique
-14.25,39.75,Mozambique
-14.25,40.5,Mozambique
-14.25,48.0,Madagascar
-14.25,48.75,Madagascar
-14.25,49.5,Madagascar
-14.25,50.25,Madagascar
-13.5,12.75,Angola
-13.5,13.5,Angola
-13.5,14.25,Angola
-13.5,15.0,Angola
-13.5,15.75,Angola
-13.5,16.5,Angola
-13.5,17.25,Angola
-13.5,18.0,Angola
-13.5,18.75,Angola
-13.5,19.5,Angola
-13.5,20.25,Angola
-13.5,21.0,Angola
-13.5,21.75,Zambia
-13.5,22.5,Zambia
-13.5,23.25,Zambia
-13.5,24.0,Zambia
-13.5,24.75,Zambia
-13.5,25.5,Zambia
-13.5,26.25,Zambia
-13.5,27.0,Zambia
-13.5,27.75,Zambia
-13.5,28.5,Zambia
-13.5,29.25,Zambia
-13.5,30.0,Zambia
-13.5,30.75,Zambia
-13.5,31.5,Zambia
-13.5,32.25,Zambia
-13.5,33.0,Malawi
-13.5,33.75,Malawi
-13.5,34.5,Malawi
-13.5,35.25,Mozambique
-13.5,36.0,Mozambique
-13.5,36.75,Mozambique
-13.5,37.5,Mozambique
-13.5,38.25,Mozambique
-13.5,39.0,Mozambique
-13.5,39.75,Mozambique
-13.5,40.5,Mozambique
-13.5,48.0,Madagascar
-13.5,48.75,Madagascar
-13.5,49.5,Madagascar
-12.75,13.5,Angola
-12.75,14.25,Angola
-12.75,15.0,Angola
-12.75,15.75,Angola
-12.75,16.5,Angola
-12.75,17.25,Angola
-12.75,18.0,Angola
-12.75,18.75,Angola
-12.75,19.5,Angola
-12.75,20.25,Angola
-12.75,21.0,Angola
-12.75,21.75,Angola
-12.75,22.5,Angola
-12.75,23.25,Angola
-12.75,24.0,Zambia
-12.75,24.75,Zambia
-12.75,25.5,Zambia
-12.75,26.25,Zambia
-12.75,27.0,Zambia
-12.75,27.75,Zambia
-12.75,28.5,DR Congo
-12.75,29.25,DR Congo
-12.75,30.0,Zambia
-12.75,30.75,Zambia
-12.75,31.5,Zambia
-12.75,32.25,Zambia
-12.75,33.0,Zambia
-12.75,33.75,Malawi
-12.75,34.5,Malawi
-12.75,35.25,Mozambique
-12.75,36.0,Mozambique
-12.75,36.75,Mozambique
-12.75,37.5,Mozambique
-12.75,38.25,Mozambique
-12.75,39.0,Mozambique
-12.75,39.75,Mozambique
-12.75,40.5,Mozambique
-12.75,49.5,Madagascar
-12.0,14.25,Angola
-12.0,15.0,Angola
-12.0,15.75,Angola
-12.0,16.5,Angola
-12.0,17.25,Angola
-12.0,18.0,Angola
-12.0,18.75,Angola
-12.0,19.5,Angola
-12.0,20.25,Angola
-12.0,21.0,Angola
-12.0,21.75,Angola
-12.0,22.5,Angola
-12.0,23.25,Angola
-12.0,24.75,Zambia
-12.0,25.5,Zambia
-12.0,26.25,Zambia
-12.0,27.0,Zambia
-12.0,27.75,DR Congo
-12.0,28.5,DR Congo
-12.0,29.25,Zambia
-12.0,30.0,Zambia
-12.0,30.75,Zambia
-12.0,31.5,Zambia
-12.0,32.25,Zambia
-12.0,33.0,Zambia
-12.0,33.75,Malawi
-12.0,34.5,Mozambique
-12.0,35.25,Mozambique
-12.0,36.0,Mozambique
-12.0,36.75,Mozambique
-12.0,37.5,Mozambique
-12.0,38.25,Mozambique
-12.0,39.0,Mozambique
-12.0,39.75,Mozambique
-12.0,43.5,Comoros
-11.25,14.25,Angola
-11.25,15.0,Angola
-11.25,15.75,Angola
-11.25,16.5,Angola
-11.25,17.25,Angola
-11.25,18.0,Angola
-11.25,18.75,Angola
-11.25,19.5,Angola
-11.25,20.25,Angola
-11.25,21.0,Angola
-11.25,21.75,Angola
-11.25,22.5,Angola
-11.25,23.25,Angola
-11.25,24.0,Zambia
-11.25,24.75,Zambia
-11.25,25.5,DR Congo
-11.25,26.25,DR Congo
-11.25,27.0,DR Congo
-11.25,27.75,DR Congo
-11.25,28.5,Zambia
-11.25,29.25,Zambia
-11.25,30.0,Zambia
-11.25,30.75,Zambia
-11.25,31.5,Zambia
-11.25,32.25,Zambia
-11.25,33.0,Zambia
-11.25,33.75,Malawi
-11.25,34.5,Tanzania
-11.25,35.25,Tanzania
-11.25,36.0,Tanzania
-11.25,36.75,Tanzania
-11.25,37.5,Tanzania
-11.25,38.25,Tanzania
-11.25,39.0,Mozambique
-11.25,39.75,Mozambique
-11.25,40.5,Mozambique
-11.25,43.5,Comoros
-10.5,14.25,Angola
-10.5,15.0,Angola
-10.5,15.75,Angola
-10.5,16.5,Angola
-10.5,17.25,Angola
-10.5,18.0,Angola
-10.5,18.75,Angola
-10.5,19.5,Angola
-10.5,20.25,Angola
-10.5,21.0,Angola
-10.5,21.75,Angola
-10.5,22.5,DR Congo
-10.5,23.25,DR Congo
-10.5,24.0,DR Congo
-10.5,24.75,DR Congo
-10.5,25.5,DR Congo
-10.5,26.25,DR Congo
-10.5,27.0,DR Congo
-10.5,27.75,DR Congo
-10.5,28.5,DR Congo
-10.5,29.25,Zambia
-10.5,30.0,Zambia
-10.5,30.75,Zambia
-10.5,31.5,Zambia
-10.5,32.25,Zambia
-10.5,33.0,Zambia
-10.5,33.75,Malawi
-10.5,34.5,Tanzania
-10.5,35.25,Tanzania
-10.5,36.0,Tanzania
-10.5,36.75,Tanzania
-10.5,37.5,Tanzania
-10.5,38.25,Tanzania
-10.5,39.0,Tanzania
-10.5,39.75,Tanzania
-10.5,40.5,Mozambique
-9.75,13.5,Angola
-9.75,14.25,Angola
-9.75,15.0,Angola
-9.75,15.75,Angola
-9.75,16.5,Angola
-9.75,17.25,Angola
-9.75,18.0,Angola
-9.75,18.75,Angola
-9.75,19.5,Angola
-9.75,20.25,Angola
-9.75,21.0,Angola
-9.75,21.75,Angola
-9.75,22.5,DR Congo
-9.75,23.25,DR Congo
-9.75,24.0,DR Congo
-9.75,24.75,DR Congo
-9.75,25.5,DR Congo
-9.75,26.25,DR Congo
-9.75,27.0,DR Congo
-9.75,27.75,DR Congo
-9.75,28.5,DR Congo
-9.75,29.25,Zambia
-9.75,30.0,Zambia
-9.75,30.75,Zambia
-9.75,31.5,Zambia
-9.75,32.25,Zambia
-9.75,33.0,Zambia
-9.75,33.75,Malawi
-9.75,34.5,Tanzania
-9.75,35.25,Tanzania
-9.75,36.0,Tanzania
-9.75,36.75,Tanzania
-9.75,37.5,Tanzania
-9.75,38.25,Tanzania
-9.75,39.0,Tanzania
-9.75,39.75,Tanzania
-9.0,13.5,Angola
-9.0,14.25,Angola
-9.0,15.0,Angola
-9.0,15.75,Angola
-9.0,16.5,Angola
-9.0,17.25,Angola
-9.0,18.0,Angola
-9.0,18.75,Angola
-9.0,19.5,Angola
-9.0,20.25,Angola
-9.0,21.0,Angola
-9.0,21.75,DR Congo
-9.0,22.5,DR Congo
-9.0,23.25,DR Congo
-9.0,24.0,DR Congo
-9.0,24.75,DR Congo
-9.0,25.5,DR Congo
-9.0,26.25,DR Congo
-9.0,27.0,DR Congo
-9.0,27.75,DR Congo
-9.0,28.5,DR Congo
-9.0,29.25,Zambia
-9.0,30.0,Zambia
-9.0,30.75,Zambia
-9.0,31.5,Zambia
-9.0,32.25,Tanzania
-9.0,33.0,Tanzania
-9.0,33.75,Tanzania
-9.0,34.5,Tanzania
-9.0,35.25,Tanzania
-9.0,36.0,Tanzania
-9.0,36.75,Tanzania
-9.0,37.5,Tanzania
-9.0,38.25,Tanzania
-9.0,39.0,Tanzania
-8.25,13.5,Angola
-8.25,14.25,Angola
-8.25,15.0,Angola
-8.25,15.75,Angola
-8.25,16.5,Angola
-8.25,17.25,Angola
-8.25,18.0,DR Congo
-8.25,18.75,Angola
-8.25,19.5,Angola
-8.25,20.25,Angola
-8.25,21.0,Angola
-8.25,21.75,DR Congo
-8.25,22.5,DR Congo
-8.25,23.25,DR Congo
-8.25,24.0,DR Congo
-8.25,24.75,DR Congo
-8.25,25.5,DR Congo
-8.25,26.25,DR Congo
-8.25,27.0,DR Congo
-8.25,27.75,DR Congo
-8.25,28.5,DR Congo
-8.25,29.25,DR Congo
-8.25,30.0,DR Congo
-8.25,30.75,DR Congo
-8.25,31.5,Tanzania
-8.25,32.25,Tanzania
-8.25,33.0,Tanzania
-8.25,33.75,Tanzania
-8.25,34.5,Tanzania
-8.25,35.25,Tanzania
-8.25,36.0,Tanzania
-8.25,36.75,Tanzania
-8.25,37.5,Tanzania
-8.25,38.25,Tanzania
-8.25,39.0,Tanzania
-7.5,13.5,Angola
-7.5,14.25,Angola
-7.5,15.0,Angola
-7.5,15.75,Angola
-7.5,16.5,Angola
-7.5,17.25,DR Congo
-7.5,18.0,DR Congo
-7.5,18.75,DR Congo
-7.5,19.5,DR Congo
-7.5,20.25,Angola
-7.5,21.0,Angola
-7.5,21.75,Angola
-7.5,22.5,DR Congo
-7.5,23.25,DR Congo
-7.5,24.0,DR Congo
-7.5,24.75,DR Congo
-7.5,25.5,DR Congo
-7.5,26.25,DR Congo
-7.5,27.0,DR Congo
-7.5,27.75,DR Congo
-7.5,28.5,DR Congo
-7.5,29.25,DR Congo
-7.5,30.0,DR Congo
-7.5,30.75,Tanzania
-7.5,31.5,Tanzania
-7.5,32.25,Tanzania
-7.5,33.0,Tanzania
-7.5,33.75,Tanzania
-7.5,34.5,Tanzania
-7.5,35.25,Tanzania
-7.5,36.0,Tanzania
-7.5,36.75,Tanzania
-7.5,37.5,Tanzania
-7.5,38.25,Tanzania
-7.5,39.0,Tanzania
-6.75,12.75,Angola
-6.75,13.5,Angola
-6.75,14.25,Angola
-6.75,15.0,Angola
-6.75,15.75,Angola
-6.75,16.5,Angola
-6.75,17.25,DR Congo
-6.75,18.0,DR Congo
-6.75,18.75,DR Congo
-6.75,19.5,DR Congo
-6.75,20.25,DR Congo
-6.75,21.0,DR Congo
-6.75,21.75,DR Congo
-6.75,22.5,DR Congo
-6.75,23.25,DR Congo
-6.75,24.0,DR Congo
-6.75,24.75,DR Congo
-6.75,25.5,DR Congo
-6.75,26.25,DR Congo
-6.75,27.0,DR Congo
-6.75,27.75,DR Congo
-6.75,28.5,DR Congo
-6.75,29.25,DR Congo
-6.75,30.0,Tanzania
-6.75,30.75,Tanzania
-6.75,31.5,Tanzania
-6.75,32.25,Tanzania
-6.75,33.0,Tanzania
-6.75,33.75,Tanzania
-6.75,34.5,Tanzania
-6.75,35.25,Tanzania
-6.75,36.0,Tanzania
-6.75,36.75,Tanzania
-6.75,37.5,Tanzania
-6.75,38.25,Tanzania
-6.75,39.0,Tanzania
-6.0,12.75,DR Congo
-6.0,13.5,Angola
-6.0,14.25,Angola
-6.0,15.0,Angola
-6.0,15.75,Angola
-6.0,16.5,DR Congo
-6.0,17.25,DR Congo
-6.0,18.0,DR Congo
-6.0,18.75,DR Congo
-6.0,19.5,DR Congo
-6.0,20.25,DR Congo
-6.0,21.0,DR Congo
-6.0,21.75,DR Congo
-6.0,22.5,DR Congo
-6.0,23.25,DR Congo
-6.0,24.0,DR Congo
-6.0,24.75,DR Congo
-6.0,25.5,DR Congo
-6.0,26.25,DR Congo
-6.0,27.0,DR Congo
-6.0,27.75,DR Congo
-6.0,28.5,DR Congo
-6.0,29.25,DR Congo
-6.0,30.0,Tanzania
-6.0,30.75,Tanzania
-6.0,31.5,Tanzania
-6.0,32.25,Tanzania
-6.0,33.0,Tanzania
-6.0,33.75,Tanzania
-6.0,34.5,Tanzania
-6.0,35.25,Tanzania
-6.0,36.0,Tanzania
-6.0,36.75,Tanzania
-6.0,37.5,Tanzania
-6.0,38.25,Tanzania
-6.0,39.0,Tanzania
-5.25,12.75,DR Congo
-5.25,13.5,DR Congo
-5.25,14.25,DR Congo
-5.25,15.0,DR Congo
-5.25,15.75,DR Congo
-5.25,16.5,DR Congo
-5.25,17.25,DR Congo
-5.25,18.0,DR Congo
-5.25,18.75,DR Congo
-5.25,19.5,DR Congo
-5.25,20.25,DR Congo
-5.25,21.0,DR Congo
-5.25,21.75,DR Congo
-5.25,22.5,DR Congo
-5.25,23.25,DR Congo
-5.25,24.0,DR Congo
-5.25,24.75,DR Congo
-5.25,25.5,DR Congo
-5.25,26.25,DR Congo
-5.25,27.0,DR Congo
-5.25,27.75,DR Congo
-5.25,28.5,DR Congo
-5.25,29.25,DR Congo
-5.25,30.0,Tanzania
-5.25,30.75,Tanzania
-5.25,31.5,Tanzania
-5.25,32.25,Tanzania
-5.25,33.0,Tanzania
-5.25,33.75,Tanzania
-5.25,34.5,Tanzania
-5.25,35.25,Tanzania
-5.25,36.0,Tanzania
-5.25,36.75,Tanzania
-5.25,37.5,Tanzania
-5.25,38.25,Tanzania
-5.25,39.0,Tanzania
-4.5,12.0,Congo-Brazzaville
-4.5,12.75,Angola
-4.5,13.5,Congo-Brazzaville
-4.5,15.0,Congo-Brazzaville
-4.5,15.75,DR Congo
-4.5,16.5,DR Congo
-4.5,17.25,DR Congo
-4.5,18.0,DR Congo
-4.5,18.75,DR Congo
-4.5,19.5,DR Congo
-4.5,20.25,DR Congo
-4.5,21.0,DR Congo
-4.5,21.75,DR Congo
-4.5,22.5,DR Congo
-4.5,23.25,DR Congo
-4.5,24.0,DR Congo
-4.5,24.75,DR Congo
-4.5,25.5,DR Congo
-4.5,26.25,DR Congo
-4.5,27.0,DR Congo
-4.5,27.75,DR Congo
-4.5,28.5,DR Congo
-4.5,29.25,DR Congo
-4.5,30.0,Tanzania
-4.5,30.75,Tanzania
-4.5,31.5,Tanzania
-4.5,32.25,Tanzania
-4.5,33.0,Tanzania
-4.5,33.75,Tanzania
-4.5,34.5,Tanzania
-4.5,35.25,Tanzania
-4.5,36.0,Tanzania
-4.5,36.75,Tanzania
-4.5,37.5,Tanzania
-4.5,38.25,Tanzania
-4.5,39.0,Kenya
-3.75,12.0,Congo-Brazzaville
-3.75,12.75,Congo-Brazzaville
-3.75,13.5,Congo-Brazzaville
-3.75,14.25,Congo-Brazzaville
-3.75,15.0,Congo-Brazzaville
-3.75,15.75,Congo-Brazzaville
-3.75,16.5,DR Congo
-3.75,17.25,DR Congo
-3.75,18.0,DR Congo
-3.75,18.75,DR Congo
-3.75,19.5,DR Congo
-3.75,20.25,DR Congo
-3.75,21.0,DR Congo
-3.75,21.75,DR Congo
-3.75,22.5,DR Congo
-3.75,23.25,DR Congo
-3.75,24.0,DR Congo
-3.75,24.75,DR Congo
-3.75,25.5,DR Congo
-3.75,26.25,DR Congo
-3.75,27.0,DR Congo
-3.75,27.75,DR Congo
-3.75,28.5,DR Congo
-3.75,29.25,Burundi
-3.75,30.0,Burundi
-3.75,30.75,Tanzania
-3.75,31.5,Tanzania
-3.75,32.25,Tanzania
-3.75,33.0,Tanzania
-3.75,33.75,Tanzania
-3.75,34.5,Tanzania
-3.75,35.25,Tanzania
-3.75,36.0,Tanzania
-3.75,36.75,Tanzania
-3.75,37.5,Tanzania
-3.75,38.25,Kenya
-3.75,39.0,Kenya
-3.75,39.75,Kenya
-3.0,10.5,Gabon
-3.0,11.25,Gabon
-3.0,12.0,Congo-Brazzaville
-3.0,12.75,Congo-Brazzaville
-3.0,13.5,Congo-Brazzaville
-3.0,14.25,Congo-Brazzaville
-3.0,15.0,Congo-Brazzaville
-3.0,15.75,Congo-Brazzaville
-3.0,16.5,DR Congo
-3.0,17.25,DR Congo
-3.0,18.0,DR Congo
-3.0,18.75,DR Congo
-3.0,19.5,DR Congo
-3.0,20.25,DR Congo
-3.0,21.0,DR Congo
-3.0,21.75,DR Congo
-3.0,22.5,DR Congo
-3.0,23.25,DR Congo
-3.0,24.0,DR Congo
-3.0,24.75,DR Congo
-3.0,25.5,DR Congo
-3.0,26.25,DR Congo
-3.0,27.0,DR Congo
-3.0,27.75,DR Congo
-3.0,28.5,DR Congo
-3.0,29.25,Burundi
-3.0,30.0,Burundi
-3.0,30.75,Burundi
-3.0,31.5,Tanzania
-3.0,32.25,Tanzania
-3.0,33.0,Tanzania
-3.0,33.75,Tanzania
-3.0,34.5,Tanzania
-3.0,35.25,Tanzania
-3.0,36.0,Tanzania
-3.0,36.75,Tanzania
-3.0,37.5,Tanzania
-3.0,38.25,Kenya
-3.0,39.0,Kenya
-3.0,39.75,Kenya
-2.25,9.75,Gabon
-2.25,10.5,Gabon
-2.25,11.25,Gabon
-2.25,12.0,Gabon
-2.25,12.75,Congo-Brazzaville
-2.25,13.5,Gabon
-2.25,14.25,Gabon
-2.25,15.0,Congo-Brazzaville
-2.25,15.75,Congo-Brazzaville
-2.25,16.5,DR Congo
-2.25,17.25,DR Congo
-2.25,18.0,DR Congo
-2.25,18.75,DR Congo
-2.25,19.5,DR Congo
-2.25,20.25,DR Congo
-2.25,21.0,DR Congo
-2.25,21.75,DR Congo
-2.25,22.5,DR Congo
-2.25,23.25,DR Congo
-2.25,24.0,DR Congo
-2.25,24.75,DR Congo
-2.25,25.5,DR Congo
-2.25,26.25,DR Congo
-2.25,27.0,DR Congo
-2.25,27.75,DR Congo
-2.25,28.5,DR Congo
-2.25,29.25,Rwanda
-2.25,30.0,Rwanda
-2.25,30.75,Rwanda
-2.25,31.5,Tanzania
-2.25,32.25,Tanzania
-2.25,33.0,Tanzania
-2.25,33.75,Tanzania
-2.25,34.5,Tanzania
-2.25,35.25,Tanzania
-2.25,36.0,Tanzania
-2.25,36.75,Kenya
-2.25,37.5,Kenya
-2.25,38.25,Kenya
-2.25,39.0,Kenya
-2.25,39.75,Kenya
-2.25,40.5,Kenya
-1.5,9.0,Gabon
-1.5,9.75,Gabon
-1.5,10.5,Gabon
-1.5,11.25,Gabon
-1.5,12.0,Gabon
-1.5,12.75,Gabon
-1.5,13.5,Gabon
-1.5,14.25,Gabon
-1.5,15.0,Congo-Brazzaville
-1.5,15.75,Congo-Brazzaville
-1.5,16.5,Congo-Brazzaville
-1.5,17.25,DR Congo
-1.5,18.0,DR Congo
-1.5,18.75,DR Congo
-1.5,19.5,DR Congo
-1.5,20.25,DR Congo
-1.5,21.0,DR Congo
-1.5,21.75,DR Congo
-1.5,22.5,DR Congo
-1.5,23.25,DR Congo
-1.5,24.0,DR Congo
-1.5,24.75,DR Congo
-1.5,25.5,DR Congo
-1.5,26.25,DR Congo
-1.5,27.0,DR Congo
-1.5,27.75,DR Congo
-1.5,28.5,DR Congo
-1.5,29.25,DR Congo
-1.5,30.0,Rwanda
-1.5,30.75,Tanzania
-1.5,31.5,Tanzania
-1.5,32.25,Tanzania
-1.5,33.0,Tanzania
-1.5,33.75,Tanzania
-1.5,34.5,Tanzania
-1.5,35.25,Kenya
-1.5,36.0,Kenya
-1.5,36.75,Kenya
-1.5,37.5,Kenya
-1.5,38.25,Kenya
-1.5,39.0,Kenya
-1.5,39.75,Kenya
-1.5,40.5,Kenya
-1.5,41.25,Kenya
-0.75,9.0,Gabon
-0.75,9.75,Gabon
-0.75,10.5,Gabon
-0.75,11.25,Gabon
-0.75,12.0,Gabon
-0.75,12.75,Gabon
-0.75,13.5,Gabon
-0.75,14.25,Gabon
-0.75,15.0,Congo-Brazzaville
-0.75,15.75,Congo-Brazzaville
-0.75,16.5,Congo-Brazzaville
-0.75,17.25,Congo-Brazzaville
-0.75,18.0,DR Congo
-0.75,18.75,DR Congo
-0.75,19.5,DR Congo
-0.75,20.25,DR Congo
-0.75,21.0,DR Congo
-0.75,21.75,DR Congo
-0.75,22.5,DR Congo
-0.75,23.25,DR Congo
-0.75,24.0,DR Congo
-0.75,24.75,DR Congo
-0.75,25.5,DR Congo
-0.75,26.25,DR Congo
-0.75,27.0,DR Congo
-0.75,27.75,DR Congo
-0.75,28.5,DR Congo
-0.75,29.25,DR Congo
-0.75,30.0,Uganda
-0.75,30.75,Uganda
-0.75,31.5,Uganda
-0.75,32.25,Uganda
-0.75,33.0,Tanzania
-0.75,33.75,Kenya
-0.75,34.5,Kenya
-0.75,35.25,Kenya
-0.75,36.0,Kenya
-0.75,36.75,Kenya
-0.75,37.5,Kenya
-0.75,38.25,Kenya
-0.75,39.0,Kenya
-0.75,39.75,Kenya
-0.75,40.5,Kenya
-0.75,41.25,Somalia
-0.75,42.0,Somalia
0.0,6.75,São Tomé and Príncipe
0.0,9.75,Gabon
0.0,10.5,Gabon
0.0,11.25,Gabon
0.0,12.0,Gabon
0.0,12.75,Gabon
0.0,13.5,Gabon
0.0,14.25,Congo-Brazzaville
0.0,15.0,Congo-Brazzaville
0.0,15.75,Congo-Brazzaville
0.0,16.5,Congo-Brazzaville
0.0,17.25,Congo-Brazzaville
0.0,18.0,DR Congo
0.0,18.75,DR Congo
0.0,19.5,DR Congo
0.0,20.25,DR Congo
0.0,21.0,DR Congo
0.0,21.75,DR Congo
0.0,22.5,DR Congo
0.0,23.25,DR Congo
0.0,24.0,DR Congo
0.0,24.75,DR Congo
0.0,25.5,DR Congo
0.0,26.25,DR Congo
0.0,27.0,DR Congo
0.0,27.75,DR Congo
0.0,28.5,DR Congo
0.0,29.25,DR Congo
0.0,30.0,Uganda
0.0,30.75,Uganda
0.0,31.5,Uganda
0.0,32.25,Uganda
0.0,33.0,Uganda
0.0,33.75,Uganda
0.0,34.5,Kenya
0.0,35.25,Kenya
0.0,36.0,Kenya
0.0,36.75,Kenya
0.0,37.5,Kenya
0.0,38.25,Kenya
0.0,39.0,Kenya
0.0,39.75,Kenya
0.0,40.5,Kenya
0.0,41.25,Somalia
0.0,42.0,Somalia
0.0,42.75,Somalia
0.75,9.75,Gabon
0.75,10.5,Gabon
0.75,11.25,Gabon
0.75,12.0,Gabon
0.75,12.75,Gabon
0.75,13.5,Gabon
0.75,14.25,Gabon
0.75,15.0,Congo-Brazzaville
0.75,15.75,Congo-Brazzaville
0.75,16.5,Congo-Brazzaville
0.75,17.25,Congo-Brazzaville
0.75,18.0,Congo-Brazzaville
0.75,18.75,DR Congo
0.75,19.5,DR Congo
0.75,20.25,DR Congo
0.75,21.0,DR Congo
0.75,21.75,DR Congo
0.75,22.5,DR Congo
0.75,23.25,DR Congo
0.75,24.0,DR Congo
0.75,24.75,DR Congo
0.75,25.5,DR Congo
0.75,26.25,DR Congo
0.75,27.0,DR Congo
0.75,27.75,DR Congo
0.75,28.5,DR Congo
0.75,29.25,DR Congo
0.75,30.0,Uganda
0.75,30.75,Uganda
0.75,31.5,Uganda
0.75,32.25,Uganda
0.75,33.0,Uganda
0.75,33.75,Uganda
0.75,34.5,Kenya
0.75,35.25,Kenya
0.75,36.0,Kenya
0.75,36.75,Kenya
0.75,37.5,Kenya
0.75,38.25,Kenya
0.75,39.0,Kenya
0.75,39.75,Kenya
0.75,40.5,Kenya
0.75,41.25,Somalia
0.75,42.0,Somalia
0.75,42.75,Somalia
0.75,43.5,Somalia
1.5,9.75,Equatorial Guinea
1.5,10.5,Equatorial Guinea
1.5,11.25,Equatorial Guinea
1.5,12.0,Gabon
1.5,12.75,Gabon
1.5,13.5,Congo-Brazzaville
1.5,14.25,Gabon
1.5,15.0,Congo-Brazzaville
1.5,15.75,Congo-Brazzaville
1.5,16.5,Congo-Brazzaville
1.5,17.25,Congo-Brazzaville
1.5,18.0,Congo-Brazzaville
1.5,18.75,DR Congo
1.5,19.5,DR Congo
1.5,20.25,DR Congo
1.5,21.0,DR Congo
1.5,21.75,DR Congo
1.5,22.5,DR Congo
1.5,23.25,DR Congo
1.5,24.0,DR Congo
1.5,24.75,DR Congo
1.5,25.5,DR Congo
1.5,26.25,DR Congo
1.5,27.0,DR Congo
1.5,27.75,DR Congo
1.5,28.5,DR Congo
1.5,29.25,DR Congo
1.5,30.0,DR Congo
1.5,30.75,Uganda
1.5,31.5,Uganda
1.5,32.25,Uganda
1.5,33.0,Uganda
1.5,33.75,Uganda
1.5,34.5,Uganda
1.5,35.25,Kenya
1.5,36.0,Kenya
1.5,36.75,Kenya
1.5,37.5,Kenya
1.5,38.25,Kenya
1.5,39.0,Kenya
1.5,39.75,Kenya
1.5,40.5,Kenya
1.5,41.25,Somalia
1.5,42.0,Somalia
1.5,42.75,Somalia
1.5,43.5,Somalia
1.5,44.25,Somalia
2.25,9.75,Equatorial Guinea
2.25,10.5,Cameroon
2.25,11.25,Cameroon
2.25,12.0,Gabon
2.25,12.75,Cameroon
2.25,13.5,Cameroon
2.25,14.25,Cameroon
2.25,15.0,Cameroon
2.25,15.75,Cameroon
2.25,16.5,Congo-Brazzaville
2.25,17.25,Congo-Brazzaville
2.25,18.0,Congo-Brazzaville
2.25,18.75,DR Congo
2.25,19.5,DR Congo
2.25,20.25,DR Congo
2.25,21.0,DR Congo
2.25,21.75,DR Congo
2.25,22.5,DR Congo
2.25,23.25,DR Congo
2.25,24.0,DR Congo
2.25,24.75,DR Congo
2.25,25.5,DR Congo
2.25,26.25,DR Congo
2.25,27.0,DR Congo
2.25,27.75,DR Congo
2.25,28.5,DR Congo
2.25,29.25,DR Congo
2.25,30.0,DR Congo
2.25,30.75,DR Congo
2.25,31.5,Uganda
2.25,32.25,Uganda
2.25,33.0,Uganda
2.25,33.75,Uganda
2.25,34.5,Uganda
2.25,35.25,Kenya
2.25,36.0,Kenya
2.25,36.75,Kenya
2.25,37.5,Kenya
2.25,38.25,Kenya
2.25,39.0,Kenya
2.25,39.75,Kenya
2.25,40.5,Kenya
2.25,41.25,Somalia
2.25,42.0,Somalia
2.25,42.75,Somalia
2.25,43.5,Somalia
2.25,44.25,Somalia
2.25,45.0,Somalia
2.25,45.75,Somalia
3.0,10.5,Cameroon
3.0,11.25,Cameroon
3.0,12.0,Cameroon
3.0,12.75,Cameroon
3.0,13.5,Cameroon
3.0,14.25,Cameroon
3.0,15.0,Cameroon
3.0,15.75,Cameroon
3.0,16.5,Central African Republic
3.0,17.25,Congo-Brazzaville
3.0,18.0,Congo-Brazzaville
3.0,18.75,DR Congo
3.0,19.5,DR Congo
3.0,20.25,DR Congo
3.0,21.0,DR Congo
3.0,21.75,DR Congo
3.0,22.5,DR Congo
3.0,23.25,DR Congo
3.0,24.0,DR Congo
3.0,24.75,DR Congo
3.0,25.5,DR Congo
3.0,26.25,DR Congo
3.0,27.0,DR Congo
3.0,27.75,DR Congo
3.0,28.5,DR Congo
3.0,29.25,DR Congo
3.0,30.0,DR Congo
3.0,30.75,DR Congo
3.0,31.5,Uganda
3.0,32.25,Uganda
3.0,33.0,Uganda
3.0,33.75,Uganda
3.0,34.5,Uganda
3.0,35.25,Kenya
3.0,36.0,Kenya
3.0,36.75,Kenya
3.0,37.5,Kenya
3.0,38.25,Kenya
3.0,39.0,Kenya
3.0,39.75,Kenya
3.0,40.5,Kenya
3.0,41.25,Somalia
3.0,42.0,Somalia
3.0,42.75,Somalia
3.0,43.5,Somalia
3.0,44.25,Somalia
3.0,45.0,Somalia
3.0,45.75,Somalia
3.0,46.5,Somalia
3.75,9.0,Equatorial Guinea
3.75,9.75,Cameroon
3.75,10.5,Cameroon
3.75,11.25,Cameroon
3.75,12.0,Cameroon
3.75,12.75,Cameroon
3.75,13.5,Cameroon
3.75,14.25,Cameroon
3.75,15.0,Cameroon
3.75,15.75,Central African Republic
3.75,16.5,Central African Republic
3.75,17.25,Congo-Brazzaville
3.75,18.0,Central African Republic
3.75,18.75,DR Congo
3.75,19.5,DR Congo
3.75,20.25,DR Congo
3.75,21.0,DR Congo
3.75,21.75,DR Congo
3.75,22.5,DR Congo
3.75,23.25,DR Congo
3.75,24.0,DR Congo
3.75,24.75,DR Congo
3.75,25.5,DR Congo
3.75,26.25,DR Congo
3.75,27.0,DR Congo
3.75,27.75,DR Congo
3.75,28.5,DR Congo
3.75,29.25,DR Congo
3.75,30.0,DR Congo
3.75,30.75,South Sudan
3.75,31.5,South Sudan
3.75,32.25,Uganda
3.75,33.0,Uganda
3.75,33.75,Uganda
3.75,34.5,Kenya
3.75,35.25,Kenya
3.75,36.0,Kenya
3.75,36.75,Kenya
3.75,37.5,Kenya
3.75,38.25,Ethiopia
3.75,39.0,Ethiopia
3.75,39.75,Ethiopia
3.75,40.5,Kenya
3.75,41.25,Kenya
3.75,42.0,Somalia
3.75,42.75,Somalia
3.75,43.5,Somalia
3.75,44.25,Somalia
3.75,45.0,Somalia
3.75,45.75,Somalia
3.75,46.5,Somalia
3.75,47.25,Somalia
4.5,9.0,Cameroon
4.5,9.75,Cameroon
4.5,10.5,Cameroon
4.5,11.25,Cameroon
4.5,12.0,Cameroon
4.5,12.75,Cameroon
4.5,13.5,Cameroon
4.5,14.25,Cameroon
4.5,15.0,Central African Republic
4.5,15.75,Central African Republic
4.5,16.5,Central African Republic
4.5,17.25,Central African Republic
4.5,18.0,Central African Republic
4.5,18.75,Central African Republic
4.5,19.5,DR Congo
4.5,20.25,DR Congo
4.5,21.0,Central African Republic
4.5,21.75,Central African Republic
4.5,22.5,Central African Republic
4.5,23.25,DR Congo
4.5,24.0,DR Congo
4.5,24.75,DR Congo
4.5,25.5,DR Congo
4.5,26.25,DR Congo
4.5,27.0,DR Congo
4.5,27.75,DR Congo
4.5,28.5,South Sudan
4.5,29.25,South Sudan
4.5,30.0,South Sudan
4.5,30.75,South Sudan
4.5,31.5,South Sudan
4.5,32.25,South Sudan
4.5,33.0,South Sudan
4.5,33.75,South Sudan
4.5,34.5,Kenya
4.5,35.25,Kenya
4.5,36.0,Kenya
4.5,36.75,Ethiopia
4.5,37.5,Ethiopia
4.5,38.25,Ethiopia
4.5,39.0,Ethiopia
4.5,39.75,Ethiopia
4.5,40.5,Ethiopia
4.5,41.25,Ethiopia
4.5,42.0,Ethiopia
4.5,43.5,Somalia
4.5,44.25,Somalia
4.5,45.0,Somalia
4.5,45.75,Somalia
4.5,46.5,Somalia
4.5,47.25,Somalia
4.5,48.0,Somalia
5.25,-9.0,Liberia
5.25,-8.25,Liberia
5.25,-7.5,Liberia
5.25,-6.75,Côte d'Ivoire
5.25,-6.0,Côte d'Ivoire
5.25,-5.25,Côte d'Ivoire
5.25,-4.5,Côte d'Ivoire
5.25,-3.75,Côte d'Ivoire
5.25,-3.0,Côte d'Ivoire
5.25,-2.25,Ghana
5.25,-1.5,Ghana
5.25,6.0,Nigeria
5.25,6.75,Nigeria
5.25,7.5,Nigeria
5.25,8.25,Nigeria
5.25,9.0,Cameroon
5.25,9.75,Cameroon
5.25,10.5,Cameroon
5.25,11.25,Cameroon
5.25,12.0,Cameroon
5.25,12.75,Cameroon
5.25,13.5,Cameroon
5.25,14.25,Cameroon
5.25,15.0,Central African Republic
5.25,15.75,Central African Republic
5.25,16.5,Central African Republic
5.25,17.25,Central African Republic
5.25,18.0,Central African Republic
5.25,18.75,Central African Republic
5.25,19.5,Central African Republic
5.25,20.25,Central African Republic
5.25,21.0,Central African Republic
5.25,21.75,Central African Republic
5.25,22.5,Central African Republic
5.25,23.25,Central African Republic
5.25,24.0,Central African Republic
5.25,24.75,Central African Republic
5.25,25.5,Central African Republic
5.25,26.25,Central African Republic
5.25,27.0,Central African Republic
5.25,27.75,South Sudan
5.25,28.5,South Sudan
5.25,29.25,South Sudan
5.25,30.0,South Sudan
5.25,30.75,South Sudan
5.25,31.5,South Sudan
5.25,32.25,South Sudan
5.25,33.0,South Sudan
5.25,33.75,South Sudan
5.25,34.5,South Sudan
5.25,35.25,South Sudan
5.25,36.0,Ethiopia
5.25,36.75,Ethiopia
5.25,37.5,Ethiopia
5.25,38.25,Ethiopia
5.25,39.0,Ethiopia
5.25,39.75,Ethiopia
5.25,40.5,Ethiopia
5.25,41.25,Ethiopia
5.25,42.0,Ethiopia
5.25,42.75,Ethiopia
5.25,43.5,Ethiopia
5.25,44.25,Ethiopia
5.25,45.75,Somalia
5.25,46.5,Somalia
5.25,47.25,Somalia
5.25,48.0,Somalia
6.0,-5.25,Côte d'Ivoire
6.0,-4.5,Côte d'Ivoire
6.0,-3.75,Côte d'Ivoire
6.0,-3.0,Ghana
6.0,-2.25,Ghana
6.0,-1.5,Ghana
6.0,-0.75,Ghana
6.0,0.0,Ghana
6.0,0.75,Ghana
6.0,1.5,Togo
6.0,2.25,Benin
6.0,3.0,Nigeria
6.0,3.75,Nigeria
6.0,4.5,Nigeria
6.0,5.25,Nigeria
6.0,6.0,Nigeria
6.0,6.75,Nigeria
6.0,7.5,Nigeria
6.0,8.25,Nigeria
6.0,9.0,Nigeria
6.0,9.75,Cameroon
6.0,10.5,Cameroon
6.0,11.25,Cameroon
6.0,12.0,Cameroon
6.0,12.75,Cameroon
6.0,13.5,Cameroon
6.0,14.25,Cameroon
6.0,15.0,Central African Republic
6.0,15.75,Central African Republic
6.0,16.5,Central African Republic
6.0,17.25,Central African Republic
6.0,18.0,Central African Republic
6.0,18.75,Central African Republic
6.0,19.5,Central African Republic
6.0,20.25,Central African Republic
6.0,21.0,Central African Republic
6.0,21.75,Central African Republic
6.0,22.5,Central African Republic
6.0,23.25,Central African Republic
6.0,24.0,Central African Republic
6.0,24.75,Central African Republic
6.0,25.5,Central African Republic
6.0,26.25,Central African Republic
6.0,27.0,South Sudan
6.0,27.75,South Sudan
6.0,28.5,South Sudan
6.0,29.25,South Sudan
6.0,30.0,South Sudan
6.0,30.75,South Sudan
6.0,31.5,South Sudan
6.0,32.25,South Sudan
6.0,33.0,South Sudan
6.0,33.75,South Sudan
6.0,34.5,South Sudan
6.0,35.25,Ethiopia
6.0,36.0,Ethiopia
6.0,36.75,Ethiopia
6.0,37.5,Ethiopia
6.0,38.25,Ethiopia
6.0,39.0,Ethiopia
6.0,39.75,Ethiopia
6.0,40.5,Ethiopia
6.0,41.25,Ethiopia
6.0,42.0,Ethiopia
6.0,42.75,Ethiopia
6.0,43.5,Ethiopia
6.0,44.25,Ethiopia
6.0,45.0,Ethiopia
6.0,45.75,Ethiopia
6.0,46.5,Somalia
6.0,47.25,Somalia
6.0,48.0,Somalia
6.0,48.75,Somalia
6.75,-10.5,Liberia
6.75,-9.75,Liberia
6.75,-9.0,Liberia
6.75,-8.25,Côte d'Ivoire
6.75,-7.5,Côte d'Ivoire
6.75,-6.75,Côte d'Ivoire
6.75,-6.0,Côte d'Ivoire
6.75,-5.25,Côte d'Ivoire
6.75,-4.5,Côte d'Ivoire
6.75,-3.75,Côte d'Ivoire
6.75,-3.0,Ghana
6.75,-2.25,Ghana
6.75,-1.5,Ghana
6.75,-0.75,Ghana
6.75,0.0,Ghana
6.75,0.75,Togo
6.75,1.5,Togo
6.75,2.25,Benin
6.75,3.0,Nigeria
6.75,3.75,Nigeria
6.75,4.5,Nigeria
6.75,5.25,Nigeria
6.75,6.0,Nigeria
6.75,6.75,Nigeria
6.75,7.5,Nigeria
6.75,8.25,Nigeria
6.75,9.0,Nigeria
6.75,9.75,Nigeria
6.75,10.5,Cameroon
6.75,11.25,Nigeria
6.75,12.0,Cameroon
6.75,12.75,Cameroon
6.75,13.5,Cameroon
6.75,14.25,Cameroon
6.75,15.75,Central African Republic
6.75,16.5,Central African Republic
6.75,17.25,Central African Republic
6.75,18.0,Central African Republic
6.75,18.75,Central African Republic
6.75,19.5,Central African Republic
6.75,20.25,Central African Republic
6.75,21.0,Central African Republic
6.75,21.75,Central African Republic
6.75,22.5,Central African Republic
6.75,23.25,Central African Republic
6.75,24.0,Central African Republic
6.75,24.75,Central African Republic
6.75,25.5,Central African Republic
6.75,26.25,Central African Republic
6.75,27.0,Central African Republic
6.75,27.75,South Sudan
6.75,28.5,South Sudan
6.75,29.25,South Sudan
6.75,30.0,South Sudan
6.75,30.75,South Sudan
6.75,31.5,South Sudan
6.75,32.25,South Sudan
6.75,33.0,South Sudan
6.75,33.75,South Sudan
6.75,34.5,Ethiopia
6.75,35.25,Ethiopia
6.75,36.0,Ethiopia
6.75,36.75,Ethiopia
6.75,37.5,Ethiopia
6.75,38.25,Ethiopia
6.75,39.0,Ethiopia
6.75,39.75,Ethiopia
6.75,40.5,Ethiopia
6.75,41.25,Ethiopia
6.75,42.0,Ethiopia
6.75,42.75,Ethiopia
6.75,43.5,Ethiopia
6.75,44.25,Ethiopia
6.75,45.0,Ethiopia
6.75,45.75,Ethiopia
6.75,46.5,Ethiopia
6.75,47.25,Somalia
6.75,48.0,Somalia
6.75,48.75,Somalia
7.5,-12.0,Sierra Leone
7.5,-11.25,Sierra Leone
7.5,-10.5,Liberia
7.5,-9.75,Liberia
7.5,-9.0,Guinea
7.5,-8.25,Côte d'Ivoire
7.5,-7.5,Côte d'Ivoire
7.5,-6.75,Côte d'Ivoire
7.5,-6.0,Côte d'Ivoire
7.5,-5.25,Côte d'Ivoire
7.5,-4.5,Côte d'Ivoire
7.5,-3.75,Côte d'Ivoire
7.5,-3.0,Côte d'Ivoire
7.5,-2.25,Ghana
7.5,-1.5,Ghana
7.5,-0.75,Ghana
7.5,0.0,Ghana
7.5,0.75,Togo
7.5,1.5,Togo
7.5,2.25,Benin
7.5,3.0,Nigeria
7.5,3.75,Nigeria
7.5,4.5,Nigeria
7.5,5.25,Nigeria
7.5,6.0,Nigeria
7.5,6.75,Nigeria
7.5,7.5,Nigeria
7.5,8.25,Nigeria
7.5,9.0,Nigeria
7.5,9.75,Nigeria
7.5,10.5,Nigeria
7.5,11.25,Nigeria
7.5,12.0,Cameroon
7.5,12.75,Cameroon
7.5,13.5,Cameroon
7.5,14.25,Cameroon
7.5,15.0,Cameroon
7.5,15.75,Central African Republic
7.5,16.5,Central African Republic
7.5,17.25,Central African Republic
7.5,18.0,Central African Republic
7.5,18.75,Central African Republic
7.5,19.5,Central African Republic
7.5,20.25,Central African Republic
7.5,21.0,Central African Republic
7.5,21.75,Central African Republic
7.5,22.5,Central African Republic
7.5,23.25,Central African Republic
7.5,24.0,Central African Republic
7.5,24.75,South Sudan
7.5,25.5,South Sudan
7.5,26.25,South Sudan
7.5,27.0,South Sudan
7.5,27.75,South Sudan
7.5,28.5,South Sudan
7.5,29.25,South Sudan
7.5,30.0,South Sudan
7.5,30.75,South Sudan
7.5,31.5,South Sudan
7.5,32.25,South Sudan
7.5,33.0,South Sudan
7.5,33.75,South Sudan
7.5,34.5,Ethiopia
7.5,35.25,Ethiopia
7.5,36.0,Ethiopia
7.5,36.75,Ethiopia
7.5,37.5,Ethiopia
7.5,38.25,Ethiopia
7.5,39.0,Ethiopia
7.5,39.75,Ethiopia
7.5,40.5,Ethiopia
7.5,41.25,Ethiopia
7.5,42.0,Ethiopia
7.5,42.75,Ethiopia
7.5,43.5,Ethiopia
7.5,44.25,Ethiopia
7.5,45.0,Ethiopia
7.5,45.75,Ethiopia
7.5,46.5,Ethiopia
7.5,47.25,Ethiopia
7.5,48.0,Somalia
7.5,48.75,Somalia
7.5,49.5,Somalia
8.25,-12.0,Sierra Leone
8.25,-11.25,Sierra Leone
8.25,-10.5,Sierra Leone
8.25,-9.75,Liberia
8.25,-9.0,Guinea
8.25,-8.25,Guinea
8.25,-7.5,Côte d'Ivoire
8.25,-6.75,Côte d'Ivoire
8.25,-6.0,Côte d'Ivoire
8.25,-5.25,Côte d'Ivoire
8.25,-4.5,Côte d'Ivoire
8.25,-3.75,Côte d'Ivoire
8.25,-3.0,Côte d'Ivoire
8.25,-2.25,Ghana
8.25,-1.5,Ghana
8.25,-0.75,Ghana
8.25,0.0,Ghana
8.25,0.75,Togo
8.25,1.5,Togo
8.25,2.25,Benin
8.25,3.0,Nigeria
8.25,3.75,Nigeria
8.25,4.5,Nigeria
8.25,5.25,Nigeria
8.25,6.0,Nigeria
8.25,6.75,Nigeria
8.25,7.5,Nigeria
8.25,8.25,Nigeria
8.25,9.0,Nigeria
8.25,9.75,Nigeria
8.25,10.5,Nigeria
8.25,11.25,Nigeria
8.25,12.0,Nigeria
8.25,12.75,Cameroon
8.25,13.5,Cameroon
8.25,14.25,Cameroon
8.25,15.0,Cameroon
8.25,15.75,Chad
8.25,16.5,Chad
8.25,17.25,Chad
8.25,18.0,Chad
8.25,18.75,Chad
8.25,19.5,Central African Republic
8.25,20.25,Central African Republic
8.25,21.0,Central African Republic
8.25,21.75,Central African Republic
8.25,22.5,Central African Republic
8.25,23.25,Central African Republic
8.25,24.0,Central African Republic
8.25,24.75,South Sudan
8.25,25.5,South Sudan
8.25,26.25,South Sudan
8.25,27.0,South Sudan
8.25,27.75,South Sudan
8.25,28.5,South Sudan
8.25,29.25,South Sudan
8.25,30.0,South Sudan
8.25,30.75,South Sudan
8.25,31.5,South Sudan
8.25,32.25,South Sudan
8.25,33.0,South Sudan
8.25,33.75,Ethiopia
8.25,34.5,Ethiopia
8.25,35.25,Ethiopia
8.25,36.0,Ethiopia
8.25,36.75,Ethiopia
8.25,37.5,Ethiopia
8.25,38.25,Ethiopia
8.25,39.0,Ethiopia
8.25,39.75,Ethiopia
8.25,40.5,Ethiopia
8.25,41.25,Ethiopia
8.25,42.0,Ethiopia
8.25,42.75,Ethiopia
8.25,43.5,Ethiopia
8.25,44.25,Ethiopia
8.25,45.0,Ethiopia
8.25,45.75,Ethiopia
8.25,46.5,Somalia
8.25,47.25,Somalia
8.25,48.0,Somalia
8.25,48.75,Somalia
8.25,49.5,Somalia
9.0,-12.25,Sierra Leone
9.0,-11.5,Sierra Leone
9.0,-10.5,Guinea
9.0,-9.75,Guinea
9.0,-9.0,Guinea
9.0,-8.25,Guinea
9.0,-7.5,Côte d'Ivoire
9.0,-6.75,Côte d'Ivoire
9.0,-6.0,Côte d'Ivoire
9.0,-5.25,Côte d'Ivoire
9.0,-4.5,Côte d'Ivoire
9.0,-3.75,Côte d'Ivoire
9.0,-3.0,Côte d'Ivoire
9.0,-2.25,Ghana
9.0,-1.5,Ghana
9.0,-0.75,Ghana
9.0,0.0,Ghana
9.0,0.75,Togo
9.0,1.5,Togo
9.0,2.25,Benin
9.0,3.0,Nigeria
9.0,3.75,Nigeria
9.0,4.5,Nigeria
9.0,5.25,Nigeria
9.0,6.0,Nigeria
9.0,6.75,Nigeria
9.0,7.5,Nigeria
9.0,8.25,Nigeria
9.0,9.0,Nigeria
9.0,9.75,Nigeria
9.0,10.5,Nigeria
9.0,11.25,Nigeria
9.0,12.0,Nigeria
9.0,13.5,Cameroon
9.0,14.25,Cameroon
9.0,15.0,Chad
9.0,15.75,Chad
9.0,16.5,Chad
9.0,17.25,Chad
9.0,18.0,Chad
9.0,18.75,Chad
9.0,19.5,Central African Republic
9.0,20.25,Central African Republic
9.0,21.0,Central African Republic
9.0,21.75,Central African Republic
9.0,22.5,Central African Republic
9.0,23.25,Central African Republic
9.0,25.5,South Sudan
9.0,26.25,South Sudan
9.0,27.0,South Sudan
9.0,27.75,South Sudan
9.0,28.5,South Sudan
9.0,29.25,South Sudan
9.0,30.0,South Sudan
9.0,30.75,South Sudan
9.0,31.5,South Sudan
9.0,32.25,South Sudan
9.0,33.0,South Sudan
9.0,33.75,South Sudan
9.0,34.5,Ethiopia
9.0,35.25,Ethiopia
9.0,36.0,Ethiopia
9.0,36.75,Ethiopia
9.0,37.5,Ethiopia
9.0,38.25,Ethiopia
9.0,39.0,Ethiopia
9.0,39.75,Ethiopia
9.0,40.5,Ethiopia
9.0,41.25,Ethiopia
9.0,42.0,Ethiopia
9.0,42.75,Ethiopia
9.0,43.5,Ethiopia
9.0,44.25,Somalia
9.0,45.0,Somalia
9.0,45.75,Somalia
9.0,46.5,Somalia
9.0,47.25,Somalia
9.0,48.0,Somalia
9.0,48.75,Somalia
9.0,49.5,Somalia
9.0,50.25,Somalia
9.75,-13.5,Guinea
9.75,-12.75,Guinea
9.75,-12.0,Sierra Leone
9.75,-11.25,Sierra Leone
9.75,-10.5,Guinea
9.75,-9.75,Guinea
9.75,-9.0,Guinea
9.75,-8.25,Guinea
9.75,-7.5,Côte d'Ivoire
9.75,-6.75,Côte d'Ivoire
9.75,-6.0,Côte d'Ivoire
9.75,-5.25,Côte d'Ivoire
9.75,-4.5,Burkina Faso
9.75,-3.75,Côte d'Ivoire
9.75,-3.0,Burkina Faso
9.75,-2.25,Ghana
9.75,-1.5,Ghana
9.75,-0.75,Ghana
9.75,0.0,Ghana
9.75,0.75,Togo
9.75,1.5,Benin
9.75,2.25,Benin
9.75,3.0,Benin
9.75,3.75,Nigeria
9.75,4.5,Nigeria
9.75,5.25,Nigeria
9.75,6.0,Nigeria
9.75,6.75,Nigeria
9.75,7.5,Nigeria
9.75,8.25,Nigeria
9.75,9.0,Nigeria
9.75,9.75,Nigeria
9.75,10.5,Nigeria
9.75,11.25,Nigeria
9.75,12.0,Nigeria
9.75,12.75,Nigeria
9.75,13.5,Cameroon
9.75,14.25,Chad
9.75,15.0,Chad
9.75,15.75,Chad
9.75,16.5,Chad
9.75,17.25,Chad
9.75,18.0,Chad
9.75,18.75,Chad
9.75,19.5,Chad
9.75,20.25,Chad
9.75,21.0,Chad
9.75,21.75,Central African Republic
9.75,22.5,Central African Republic
9.75,23.25,Central African Republic
9.75,24.75,South Sudan
9.75,25.5,South Sudan
9.75,26.25,South Sudan
9.75,27.0,Sudan
9.75,29.25,Sudan
9.75,30.0,South Sudan
9.75,30.75,South Sudan
9.75,31.5,South Sudan
9.75,32.25,South Sudan
9.75,33.0,South Sudan
9.75,33.75,South Sudan
9.75,34.5,Ethiopia
9.75,35.25,Ethiopia
9.75,36.0,Ethiopia
9.75,36.75,Ethiopia
9.75,37.5,Ethiopia
9.75,38.25,Ethiopia
9.75,39.0,Ethiopia
9.75,39.75,Ethiopia
9.75,40.5,Ethiopia
9.75,41.25,Ethiopia
9.75,42.0,Ethiopia
9.75,42.75,Ethiopia
9.75,43.5,Somalia
9.75,44.25,Somalia
9.75,45.0,Somalia
9.75,45.75,Somalia
9.75,46.5,Somalia
9.75,47.25,Somalia
9.75,48.0,Somalia
9.75,48.75,Somalia
9.75,49.5,Somalia
9.75,50.25,Somalia
10.5,-14.25,Guinea
10.5,-13.5,Guinea
10.5,-12.75,Guinea
10.5,-12.0,Guinea
10.5,-11.25,Guinea
10.5,-10.5,Guinea
10.5,-9.75,Guinea
10.5,-9.0,Guinea
10.5,-8.25,Mali
10.5,-7.5,Mali
10.5,-6.75,Mali
10.5,-6.0,Mali
10.5,-5.25,Burkina Faso
10.5,-4.5,Burkina Faso
10.5,-3.75,Burkina Faso
10.5,-3.0,Burkina Faso
10.5,-2.25,Ghana
10.5,-1.5,Ghana
10.5,-0.75,Ghana
10.5,0.0,Ghana
10.5,0.75,Togo
10.5,1.5,Benin
10.5,2.25,Benin
10.5,3.0,Benin
10.5,3.75,Benin
10.5,4.5,Nigeria
10.5,5.25,Nigeria
10.5,6.0,Nigeria
10.5,6.75,Nigeria
10.5,7.5,Nigeria
10.5,8.25,Nigeria
10.5,9.0,Nigeria
10.5,9.75,Nigeria
10.5,10.5,Nigeria
10.5,11.25,Nigeria
10.5,12.0,Nigeria
10.5,12.75,Nigeria
10.5,13.5,Nigeria
10.5,14.25,Cameroon
10.5,15.0,Cameroon
10.5,15.75,Chad
10.5,16.5,Chad
10.5,17.25,Chad
10.5,18.0,Chad
10.5,18.75,Chad
10.5,19.5,Chad
10.5,20.25,Chad
10.5,21.0,Chad
10.5,21.75,Central African Republic
10.5,22.5,Central African Republic
10.5,23.25,Sudan
10.5,24.0,Sudan
10.5,24.75,Sudan
10.5,25.5,Sudan
10.5,26.25,Sudan
10.5,27.0,Sudan
10.5,27.75,Sudan
10.5,29.25,Sudan
10.5,30.0,Sudan
10.5,30.75,Sudan
10.5,32.25,South Sudan
10.5,33.0,South Sudan
10.5,33.75,Sudan
10.5,34.5,Ethiopia
10.5,35.25,Ethiopia
10.5,36.0,Ethiopia
10.5,36.75,Ethiopia
10.5,37.5,Ethiopia
10.5,38.25,Ethiopia
10.5,39.0,Ethiopia
10.5,39.75,Ethiopia
10.5,40.5,Ethiopia
10.5,41.25,Ethiopia
10.5,42.0,Ethiopia
10.5,42.75,Ethiopia
10.5,43.5,Somalia
10.5,44.25,Somalia
10.5,45.0,Somalia
10.5,45.75,Somalia
10.5,46.5,Somalia
10.5,47.25,Somalia
10.5,48.0,Somalia
10.5,48.75,Somalia
10.5,49.5,Somalia
10.5,50.25,Somalia
10.5,51.0,Somalia
11.25,-15.0,Guinea-Bissau
11.25,-14.25,Guinea
11.25,-13.5,Guinea
11.25,-12.75,Guinea
11.25,-12.0,Guinea
11.25,-11.25,Guinea
11.25,-10.5,Guinea
11.25,-9.75,Guinea
11.25,-9.0,Guinea
11.25,-8.25,Mali
11.25,-7.5,Mali
11.25,-6.75,Mali
11.25,-6.0,Mali
11.25,-5.25,Mali
11.25,-4.5,Burkina Faso
11.25,-3.75,Burkina Faso
11.25,-3.0,Burkina Faso
11.25,-2.25,Burkina Faso
11.25,-1.5,Burkina Faso
11.25,-0.75,Burkina Faso
11.25,0.0,Burkina Faso
11.25,0.75,Burkina Faso
11.25,1.5,Benin
11.25,2.25,Benin
11.25,3.0,Benin
11.25,3.75,Nigeria
11.25,4.5,Nigeria
11.25,5.25,Nigeria
11.25,6.0,Nigeria
11.25,6.75,Nigeria
11.25,7.5,Nigeria
11.25,8.25,Nigeria
11.25,9.0,Nigeria
11.25,9.75,Nigeria
11.25,10.5,Nigeria
11.25,11.25,Nigeria
11.25,12.0,Nigeria
11.25,12.75,Nigeria
11.25,13.5,Nigeria
11.25,14.25,Cameroon
11.25,15.0,Cameroon
11.25,15.75,Chad
11.25,16.5,Chad
11.25,17.25,Chad
11.25,18.0,Chad
11.25,18.75,Chad
11.25,19.5,Chad
11.25,20.25,Chad
11.25,21.0,Chad
11.25,21.75,Chad
11.25,22.5,Chad
11.25,23.25,Sudan
11.25,24.0,Sudan
11.25,24.75,Sudan
11.25,25.5,Sudan
11.25,26.25,Sudan
11.25,27.0,Sudan
11.25,27.75,Sudan
11.25,28.5,Sudan
11.25,29.25,Sudan
11.25,30.0,Sudan
11.25,30.75,Sudan
11.25,31.5,Sudan
11.25,33.0,South Sudan
11.25,33.75,Sudan
11.25,34.5,Sudan
11.25,35.25,Ethiopia
11.25,36.0,Ethiopia
11.25,36.75,Ethiopia
11.25,37.5,Ethiopia
11.25,38.25,Ethiopia
11.25,39.0,Ethiopia
11.25,39.75,Ethiopia
11.25,40.5,Ethiopia
11.25,41.25,Ethiopia
11.25,42.0,Djibouti
11.25,42.75,Djibouti
11.25,43.5,Somalia
11.25,44.25,Somalia
11.25,45.0,Somalia
11.25,45.75,Somalia
11.25,46.5,Somalia
11.25,47.25,Somalia
11.25,48.0,Somalia
11.25,48.75,Somalia
11.25,49.5,Somalia
11.25,50.25,Somalia
11.25,51.0,Somalia
12.0,-15.75,Guinea-Bissau
12.0,-15.0,Guinea-Bissau
12.0,-14.25,Guinea-Bissau
12.0,-13.5,Guinea
12.0,-12.75,Guinea
12.0,-12.0,Guinea
12.0,-10.5,Guinea
12.0,-9.75,Guinea
12.0,-9.0,Guinea
12.0,-8.25,Mali
12.0,-7.5,Mali
12.0,-6.75,Mali
12.0,-6.0,Mali
12.0,-5.25,Mali
12.0,-4.5,Burkina Faso
12.0,-3.75,Burkina Faso
12.0,-3.0,Burkina Faso
12.0,-2.25,Burkina Faso
12.0,-1.5,Burkina Faso
12.0,-0.75,Burkina Faso
12.0,0.0,Burkina Faso
12.0,0.75,Burkina Faso
12.0,1.5,Burkina Faso
12.0,2.25,Burkina Faso
12.0,3.0,Benin
12.0,3.75,Nigeria
12.0,4.5,Nigeria
12.0,5.25,Nigeria
12.0,6.0,Nigeria
12.0,6.75,Nigeria
12.0,7.5,Nigeria
12.0,8.25,Nigeria
12.0,9.0,Nigeria
12.0,9.75,Nigeria
12.0,10.5,Nigeria
12.0,11.25,Nigeria
12.0,12.0,Nigeria
12.0,12.75,Nigeria
12.0,13.5,Nigeria
12.0,14.25,Nigeria
12.0,15.0,Cameroon
12.0,15.75,Chad
12.0,16.5,Chad
12.0,17.25,Chad
12.0,18.0,Chad
12.0,18.75,Chad
12.0,19.5,Chad
12.0,20.25,Chad
12.0,21.0,Chad
12.0,21.75,Chad
12.0,22.5,Sudan
12.0,23.25,Sudan
12.0,24.0,Sudan
12.0,24.75,Sudan
12.0,25.5,Sudan
12.0,26.25,Sudan
12.0,27.0,Sudan
12.0,27.75,Sudan
12.0,28.5,Sudan
12.0,29.25,Sudan
12.0,30.0,Sudan
12.0,30.75,Sudan
12.0,31.5,Sudan
12.0,33.0,South Sudan
12.0,33.75,Sudan
12.0,34.5,Sudan
12.0,35.25,Ethiopia
12.0,36.0,Ethiopia
12.0,36.75,Ethiopia
12.0,37.5,Ethiopia
12.0,38.25,Ethiopia
12.0,39.0,Ethiopia
12.0,39.75,Ethiopia
12.0,40.5,Ethiopia
12.0,41.25,Ethiopia
12.0,42.0,Ethiopia
12.0,42.75,Djibouti
12.75,-16.5,Senegal
12.75,-15.75,Senegal
12.75,-15.0,Senegal
12.75,-14.25,Senegal
12.75,-13.5,Senegal
12.75,-12.75,Senegal
12.75,-12.0,Senegal
12.75,-11.25,Mali
12.75,-10.5,Mali
12.75,-9.75,Mali
12.75,-9.0,Mali
12.75,-8.25,Mali
12.75,-7.5,Mali
12.75,-6.75,Mali
12.75,-6.0,Mali
12.75,-5.25,Mali
12.75,-4.5,Mali
12.75,-3.75,Burkina Faso
12.75,-3.0,Burkina Faso
12.75,-2.25,Burkina Faso
12.75,-1.5,Burkina Faso
12.75,-0.75,Burkina Faso
12.75,0.0,Burkina Faso
12.75,0.75,Burkina Faso
12.75,1.5,Niger
12.75,2.25,Niger
12.75,3.0,Niger
12.75,3.75,Niger
12.75,4.5,Nigeria
12.75,5.25,Nigeria
12.75,6.0,Nigeria
12.75,6.75,Nigeria
12.75,7.5,Nigeria
12.75,8.25,Nigeria
12.75,9.0,Nigeria
12.75,9.75,Nigeria
12.75,10.5,Nigeria
12.75,11.25,Nigeria
12.75,12.0,Nigeria
12.75,12.75,Nigeria
12.75,13.5,Nigeria
12.75,14.25,Cameroon
12.75,15.0,Chad
12.75,15.75,Chad
12.75,16.5,Chad
12.75,17.25,Chad
12.75,18.0,Chad
12.75,18.75,Chad
12.75,19.5,Chad
12.75,20.25,Chad
12.75,21.0,Chad
12.75,21.75,Sudan
12.75,22.5,Sudan
12.75,23.25,Sudan
12.75,24.0,Sudan
12.75,24.75,Sudan
12.75,25.5,Sudan
12.75,26.25,Sudan
12.75,27.0,Sudan
12.75,27.75,Sudan
12.75,28.5,Sudan
12.75,29.25,Sudan
12.75,30.0,Sudan
12.75,30.75,Sudan
12.75,31.5,Sudan
12.75,32.25,Sudan
12.75,33.0,Sudan
12.75,33.75,Sudan
12.75,34.5,Sudan
12.75,35.25,Sudan
12.75,36.0,Ethiopia
12.75,36.75,Ethiopia
12.75,37.5,Ethiopia
12.75,38.25,Ethiopia
12.75,39.0,Ethiopia
12.75,39.75,Ethiopia
12.75,40.5,Ethiopia
12.75,41.25,Ethiopia
12.75,42.0,Ethiopia
12.75,42.75,Eritrea
13.5,-16.5,Gambia
13.5,-15.75,Gambia
13.5,-14.25,Senegal
13.5,-13.5,Senegal
13.5,-12.75,Senegal
13.5,-12.0,Senegal
13.5,-11.25,Mali
13.5,-10.5,Mali
13.5,-9.75,Mali
13.5,-9.0,Mali
13.5,-8.25,Mali
13.5,-7.5,Mali
13.5,-6.75,Mali
13.5,-6.0,Mali
13.5,-5.25,Mali
13.5,-4.5,Mali
13.5,-3.75,Mali
13.5,-3.0,Burkina Faso
13.5,-2.25,Burkina Faso
13.5,-1.5,Burkina Faso
13.5,-0.75,Burkina Faso
13.5,0.0,Burkina Faso
13.5,0.75,Burkina Faso
13.5,1.5,Niger
13.5,2.25,Niger
13.5,3.0,Niger
13.5,3.75,Niger
13.5,4.5,Nigeria
13.5,5.25,Nigeria
13.5,6.0,Nigeria
13.5,6.75,Niger
13.5,7.5,Niger
13.5,8.25,Niger
13.5,9.0,Niger
13.5,9.75,Niger
13.5,10.5,Niger
13.5,11.25,Niger
13.5,12.0,Niger
13.5,12.75,Niger
13.5,13.5,Nigeria
13.5,14.25,Chad
13.5,15.0,Chad
13.5,15.75,Chad
13.5,16.5,Chad
13.5,17.25,Chad
13.5,18.0,Chad
13.5,18.75,Chad
13.5,19.5,Chad
13.5,20.25,Chad
13.5,21.0,Chad
13.5,21.75,Chad
13.5,22.5,Sudan
13.5,23.25,Sudan
13.5,24.0,Sudan
13.5,24.75,Sudan
13.5,25.5,Sudan
13.5,26.25,Sudan
13.5,27.0,Sudan
13.5,27.75,Sudan
13.5,28.5,Sudan
13.5,29.25,Sudan
13.5,30.0,Sudan
13.5,30.75,Sudan
13.5,31.5,Sudan
13.5,32.25,Sudan
13.5,33.0,Sudan
13.5,33.75,Sudan
13.5,34.5,Sudan
13.5,35.25,Sudan
13.5,36.0,Sudan
13.5,36.75,Ethiopia
13.5,37.5,Ethiopia
13.5,38.25,Ethiopia
13.5,39.0,Ethiopia
13.5,39.75,Ethiopia
13.5,40.5,Ethiopia
13.5,41.25,Ethiopia
13.5,42.0,Eritrea
14.25,-16.5,Senegal
14.25,-15.75,Senegal
14.25,-15.0,Senegal
14.25,-14.25,Senegal
14.25,-13.5,Senegal
14.25,-12.75,Senegal
14.25,-12.0,Mali
14.25,-11.25,Mali
14.25,-10.5,Mali
14.25,-9.75,Mali
14.25,-9.0,Mali
14.25,-8.25,Mali
14.25,-7.5,Mali
14.25,-6.75,Mali
14.25,-6.0,Mali
14.25,-5.25,Mali
14.25,-4.5,Mali
14.25,-3.75,Mali
14.25,-3.0,Mali
14.25,-2.25,Mali
14.25,-1.5,Burkina Faso
14.25,-0.75,Burkina Faso
14.25,0.0,Burkina Faso
14.25,0.75,Niger
14.25,1.5,Niger
14.25,2.25,Niger
14.25,3.0,Niger
14.25,3.75,Niger
14.25,4.5,Niger
14.25,5.25,Niger
14.25,6.0,Niger
14.25,6.75,Niger
14.25,7.5,Niger
14.25,8.25,Niger
14.25,9.0,Niger
14.25,9.75,Niger
14.25,10.5,Niger
14.25,11.25,Niger
14.25,12.0,Niger
14.25,12.75,Niger
14.25,13.5,Niger
14.25,14.25,Chad
14.25,15.0,Chad
14.25,15.75,Chad
14.25,16.5,Chad
14.25,17.25,Chad
14.25,18.0,Chad
14.25,18.75,Chad
14.25,19.5,Chad
14.25,20.25,Chad
14.25,21.0,Chad
14.25,21.75,Chad
14.25,22.5,Chad
14.25,23.25,Sudan
14.25,24.0,Sudan
14.25,24.75,Sudan
14.25,25.5,Sudan
14.25,26.25,Sudan
14.25,27.0,Sudan
14.25,27.75,Sudan
14.25,28.5,Sudan
14.25,29.25,Sudan
14.25,30.0,Sudan
14.25,30.75,Sudan
14.25,31.5,Sudan
14.25,32.25,Sudan
14.25,33.0,Sudan
14.25,33.75,Sudan
14.25,34.5,Sudan
14.25,35.25,Sudan
14.25,36.0,Sudan
14.25,36.75,Ethiopia
14.25,37.5,Eritrea
14.25,38.25,Ethiopia
14.25,39.0,Ethiopia
14.25,39.75,Ethiopia
14.25,40.5,Ethiopia
14.25,41.25,Eritrea
15.0,-16.5,Senegal
15.0,-15.75,Senegal
15.0,-15.0,Senegal
15.0,-14.25,Senegal
15.0,-13.5,Senegal
15.0,-12.75,Senegal
15.0,-12.0,Mauritania
15.0,-11.25,Mali
15.0,-10.5,Mali
15.0,-9.75,Mali
15.0,-9.0,Mali
15.0,-8.25,Mali
15.0,-7.5,Mali
15.0,-6.75,Mali
15.0,-6.0,Mali
15.0,-5.25,Mali
15.0,-4.5,Mali
15.0,-3.75,Mali
15.0,-3.0,Mali
15.0,-2.25,Mali
15.0,-1.5,Mali
15.0,-0.75,Burkina Faso
15.0,0.0,Burkina Faso
15.0,0.75,Mali
15.0,1.5,Niger
15.0,2.25,Niger
15.0,3.0,Niger
15.0,3.75,Niger
15.0,4.5,Niger
15.0,5.25,Niger
15.0,6.0,Niger
15.0,6.75,Niger
15.0,7.5,Niger
15.0,8.25,Niger
15.0,9.0,Niger
15.0,9.75,Niger
15.0,10.5,Niger
15.0,11.25,Niger
15.0,12.0,Niger
15.0,12.75,Niger
15.0,13.5,Niger
15.0,14.25,Chad
15.0,15.0,Chad
15.0,15.75,Chad
15.0,16.5,Chad
15.0,17.25,Chad
15.0,18.0,Chad
15.0,18.75,Chad
15.0,19.5,Chad
15.0,20.25,Chad
15.0,21.0,Chad
15.0,21.75,Chad
15.0,22.5,Chad
15.0,23.25,Sudan
15.0,24.0,Sudan
15.0,24.75,Sudan
15.0,25.5,Sudan
15.0,26.25,Sudan
15.0,27.0,Sudan
15.0,27.75,Sudan
15.0,28.5,Sudan
15.0,29.25,Sudan
15.0,30.0,Sudan
15.0,30.75,Sudan
15.0,31.5,Sudan
15.0,32.25,Sudan
15.0,33.0,Sudan
15.0,33.75,Sudan
15.0,34.5,Sudan
15.0,35.25,Sudan
15.0,36.0,Sudan
15.0,36.75,Eritrea
15.0,37.5,Eritrea
15.0,38.25,Eritrea
15.0,39.0,Eritrea
15.0,39.75,Eritrea
15.0,40.5,Eritrea
15.75,-16.5,Senegal
15.75,-15.75,Senegal
15.75,-15.0,Senegal
15.75,-14.25,Senegal
15.75,-13.5,Senegal
15.75,-12.75,Mauritania
15.75,-12.0,Mauritania
15.75,-11.25,Mauritania
15.75,-10.5,Mauritania
15.75,-9.75,Mauritania
15.75,-9.0,Mauritania
15.75,-6.75,Mali
15.75,-6.0,Mauritania
15.75,-5.25,Mali
15.75,-4.5,Mali
15.75,-3.75,Mali
15.75,-3.0,Mali
15.75,-2.25,Mali
15.75,-1.5,Mali
15.75,-0.75,Mali
15.75,0.0,Mali
15.75,0.75,Mali
15.75,1.5,Mali
15.75,2.25,Mali
15.75,3.0,Mali
15.75,3.75,Mali
15.75,4.5,Niger
15.75,5.25,Niger
15.75,6.0,Niger
15.75,6.75,Niger
15.75,7.5,Niger
15.75,8.25,Niger
15.75,9.0,Niger
15.75,9.75,Niger
15.75,10.5,Niger
15.75,11.25,Niger
15.75,12.0,Niger
15.75,12.75,Niger
15.75,13.5,Niger
15.75,14.25,Niger
15.75,15.0,Chad
15.75,15.75,Chad
15.75,16.5,Chad
15.75,17.25,Chad
15.75,18.0,Chad
15.75,18.75,Chad
15.75,19.5,Chad
15.75,20.25,Chad
15.75,21.0,Chad
15.75,21.75,Chad
15.75,22.5,Chad
15.75,23.25,Sudan
15.75,24.0,Sudan
15.75,24.75,Sudan
15.75,25.5,Sudan
15.75,26.25,Sudan
15.75,27.0,Sudan
15.75,27.75,Sudan
15.75,28.5,Sudan
15.75,29.25,Sudan
15.75,30.0,Sudan
15.75,30.75,Sudan
15.75,31.5,Sudan
15.75,32.25,Sudan
15.75,33.0,Sudan
15.75,33.75,Sudan
15.75,34.5,Sudan
15.75,35.25,Sudan
15.75,36.0,Sudan
15.75,36.75,Eritrea
15.75,37.5,Eritrea
15.75,38.25,Eritrea
15.75,39.0,Eritrea
16.5,-15.75,Mauritania
16.5,-15.0,Senegal
16.5,-14.25,Senegal
16.5,-13.5,Mauritania
16.5,-12.75,Mauritania
16.5,-12.0,Mauritania
16.5,-11.25,Mauritania
16.5,-10.5,Mauritania
16.5,-9.75,Mauritania
16.5,-9.0,Mauritania
16.5,-8.25,Mauritania
16.5,-7.5,Mauritania
16.5,-6.75,Mauritania
16.5,-6.0,Mauritania
16.5,-5.25,Mali
16.5,-4.5,Mali
16.5,-3.75,Mali
16.5,-3.0,Mali
16.5,-2.25,Mali
16.5,-1.5,Mali
16.5,-0.75,Mali
16.5,0.0,Mali
16.5,0.75,Mali
16.5,1.5,Mali
16.5,2.25,Mali
16.5,3.0,Mali
16.5,3.75,Mali
16.5,4.5,Niger
16.5,5.25,Niger
16.5,6.0,Niger
16.5,6.75,Niger
16.5,7.5,Niger
16.5,8.25,Niger
16.5,9.0,Niger
16.5,9.75,Niger
16.5,10.5,Niger
16.5,11.25,Niger
16.5,12.0,Niger
16.5,12.75,Niger
16.5,13.5,Niger
16.5,14.25,Niger
16.5,15.0,Chad
16.5,15.75,Chad
16.5,16.5,Chad
16.5,17.25,Chad
16.5,18.0,Chad
16.5,18.75,Chad
16.5,19.5,Chad
16.5,20.25,Chad
16.5,21.0,Chad
16.5,21.75,Chad
16.5,22.5,Chad
16.5,23.25,Chad
16.5,24.0,Sudan
16.5,24.75,Sudan
16.5,25.5,Sudan
16.5,26.25,Sudan
16.5,27.0,Sudan
16.5,27.75,Sudan
16.5,28.5,Sudan
16.5,29.25,Sudan
16.5,30.0,Sudan
16.5,30.75,Sudan
16.5,31.5,Sudan
16.5,32.25,Sudan
16.5,33.0,Sudan
16.5,33.75,Sudan
16.5,34.5,Sudan
16.5,35.25,Sudan
16.5,36.0,Sudan
16.5,36.75,Sudan
16.5,37.5,Eritrea
16.5,38.25,Eritrea
16.5,39.0,Eritrea
17.25,-15.75,Mauritania
17.25,-15.0,Mauritania
17.25,-14.25,Mauritania
17.25,-13.5,Mauritania
17.25,-12.75,Mauritania
17.25,-12.0,Mauritania
17.25,-11.25,Mauritania
17.25,-10.5,Mauritania
17.25,-9.75,Mauritania
17.25,-9.0,Mauritania
17.25,-8.25,Mauritania
17.25,-7.5,Mauritania
17.25,-6.75,Mauritania
17.25,-6.0,Mauritania
17.25,-5.25,Mali
17.25,-4.5,Mali
17.25,-3.75,Mali
17.25,-3.0,Mali
17.25,-2.25,Mali
17.25,-1.5,Mali
17.25,-0.75,Mali
17.25,0.0,Mali
17.25,0.75,Mali
17.25,1.5,Mali
17.25,2.25,Mali
17.25,3.0,Mali
17.25,3.75,Mali
17.25,4.5,Niger
17.25,5.25,Niger
17.25,6.0,Niger
17.25,6.75,Niger
17.25,7.5,Niger
17.25,8.25,Niger
17.25,9.0,Niger
17.25,9.75,Niger
17.25,10.5,Niger
17.25,11.25,Niger
17.25,12.0,Niger
17.25,12.75,Niger
17.25,13.5,Niger
17.25,14.25,Niger
17.25,15.0,Chad
17.25,15.75,Chad
17.25,16.5,Chad
17.25,17.25,Chad
17.25,18.0,Chad
17.25,18.75,Chad
17.25,19.5,Chad
17.25,20.25,Chad
17.25,21.0,Chad
17.25,21.75,Chad
17.25,22.5,Chad
17.25,23.25,Chad
17.25,24.0,Chad
17.25,24.75,Chad
17.25,25.5,Sudan
17.25,26.25,Sudan
17.25,27.0,Sudan
17.25,27.75,Sudan
17.25,28.5,Sudan
17.25,29.25,Sudan
17.25,30.0,Sudan
17.25,30.75,Sudan
17.25,31.5,Sudan
17.25,32.25,Sudan
17.25,33.0,Sudan
17.25,33.75,Sudan
17.25,34.5,Sudan
17.25,35.25,Sudan
17.25,36.0,Sudan
17.25,36.75,Sudan
17.25,37.5,Eritrea
17.25,38.25,Eritrea
17.25,39.0,Eritrea
18.0,-15.75,Mauritania
18.0,-15.0,Mauritania
18.0,-14.25,Mauritania
18.0,-13.5,Mauritania
18.0,-12.75,Mauritania
18.0,-12.0,Mauritania
18.0,-11.25,Mauritania
18.0,-10.5,Mauritania
18.0,-9.75,Mauritania
18.0,-9.0,Mauritania
18.0,-8.25,Mauritania
18.0,-7.5,Mauritania
18.0,-6.75,Mauritania
18.0,-6.0,Mali
18.0,-5.25,Mali
18.0,-4.5,Mali
18.0,-3.75,Mali
18.0,-3.0,Mali
18.0,-2.25,Mali
18.0,-1.5,Mali
18.0,-0.75,Mali
18.0,0.0,Mali
18.0,0.75,Mali
18.0,1.5,Mali
18.0,2.25,Mali
18.0,3.0,Mali
18.0,3.75,Mali
18.0,4.5,Niger
18.0,5.25,Niger
18.0,6.0,Niger
18.0,6.75,Niger
18.0,7.5,Niger
18.0,8.25,Niger
18.0,9.0,Niger
18.0,9.75,Niger
18.0,10.5,Niger
18.0,11.25,Niger
18.0,12.0,Niger
18.0,12.75,Niger
18.0,13.5,Niger
18.0,14.25,Niger
18.0,15.0,Chad
18.0,15.75,Chad
18.0,16.5,Chad
18.0,17.25,Chad
18.0,18.0,Chad
18.0,18.75,Chad
18.0,19.5,Chad
18.0,20.25,Chad
18.0,21.0,Chad
18.0,21.75,Chad
18.0,22.5,Chad
18.0,23.25,Chad
18.0,24.0,Chad
18.0,24.75,Chad
18.0,25.5,Sudan
18.0,26.25,Sudan
18.0,27.0,Sudan
18.0,27.75,Sudan
18.0,28.5,Sudan
18.0,29.25,Sudan
18.0,30.0,Sudan
18.0,30.75,Sudan
18.0,31.5,Sudan
18.0,32.25,Sudan
18.0,33.0,Sudan
18.0,33.75,Sudan
18.0,34.5,Sudan
18.0,35.25,Sudan
18.0,36.0,Sudan
18.0,36.75,Sudan
18.0,37.5,Sudan
18.0,38.25,Sudan
18.75,-15.75,Mauritania
18.75,-15.0,Mauritania
18.75,-14.25,Mauritania
18.75,-13.5,Mauritania
18.75,-12.75,Mauritania
18.75,-12.0,Mauritania
18.75,-11.25,Mauritania
18.75,-10.5,Mauritania
18.75,-9.75,Mauritania
18.75,-9.0,Mauritania
18.75,-8.25,Mauritania
18.75,-7.5,Mauritania
18.75,-6.75,Mauritania
18.75,-6.0,Mali
18.75,-5.25,Mali
18.75,-4.5,Mali
18.75,-3.75,Mali
18.75,-3.0,Mali
18.75,-2.25,Mali
18.75,-1.5,Mali
18.75,-0.75,Mali
18.75,0.0,Mali
18.75,0.75,Mali
18.75,1.5,Mali
18.75,2.25,Mali
18.75,3.0,Mali
18.75,3.75,Mali
18.75,4.5,Mali
18.75,5.25,Niger
18.75,6.0,Niger
18.75,6.75,Niger
18.75,7.5,Niger
18.75,8.25,Niger
18.75,9.0,Niger
18.75,9.75,Niger
18.75,10.5,Niger
18.75,11.25,Niger
18.75,12.0,Niger
18.75,12.75,Niger
18.75,13.5,Niger
18.75,14.25,Niger
18.75,15.0,Niger
18.75,15.75,Chad
18.75,16.5,Chad
18.75,17.25,Chad
18.75,18.0,Chad
18.75,18.75,Chad
18.75,19.5,Chad
18.75,20.25,Chad
18.75,21.0,Chad
18.75,21.75,Chad
18.75,22.5,Chad
18.75,23.25,Chad
18.75,24.0,Chad
18.75,24.75,Chad
18.75,25.5,Sudan
18.75,26.25,Sudan
18.75,27.0,Sudan
18.75,27.75,Sudan
18.75,28.5,Sudan
18.75,29.25,Sudan
18.75,30.0,Sudan
18.75,30.75,Sudan
18.75,31.5,Sudan
18.75,32.25,Sudan
18.75,33.0,Sudan
18.75,33.75,Sudan
18.75,34.5,Sudan
18.75,35.25,Sudan
18.75,36.0,Sudan
18.75,36.75,Sudan
18.75,37.5,Sudan
19.5,-15.75,Mauritania
19.5,-15.0,Mauritania
19.5,-14.25,Mauritania
19.5,-13.5,Mauritania
19.5,-12.75,Mauritania
19.5,-12.0,Mauritania
19.5,-11.25,Mauritania
19.5,-10.5,Mauritania
19.5,-9.75,Mauritania
19.5,-9.0,Mauritania
19.5,-8.25,Mauritania
19.5,-7.5,Mauritania
19.5,-6.75,Mauritania
19.5,-6.0,Mali
19.5,-5.25,Mali
19.5,-4.5,Mali
19.5,-3.75,Mali
19.5,-3.0,Mali
19.5,-2.25,Mali
19.5,-1.5,Mali
19.5,-0.75,Mali
19.5,0.0,Mali
19.5,0.75,Mali
19.5,1.5,Mali
19.5,2.25,Mali
19.5,3.0,Mali
19.5,3.75,Algeria
19.5,4.5,Algeria
19.5,5.25,Algeria
19.5,6.0,Niger
19.5,6.75,Niger
19.5,7.5,Niger
19.5,8.25,Niger
19.5,9.0,Niger
19.5,9.75,Niger
19.5,10.5,Niger
19.5,11.25,Niger
19.5,12.0,Niger
19.5,12.75,Niger
19.5,13.5,Niger
19.5,14.25,Niger
19.5,15.0,Niger
19.5,15.75,Chad
19.5,16.5,Chad
19.5,17.25,Chad
19.5,18.0,Chad
19.5,18.75,Chad
19.5,19.5,Chad
19.5,20.25,Chad
19.5,21.0,Chad
19.5,21.75,Chad
19.5,22.5,Chad
19.5,23.25,Chad
19.5,24.0,Chad
19.5,24.75,Chad
19.5,25.5,Sudan
19.5,26.25,Sudan
19.5,27.0,Sudan
19.5,27.75,Sudan
19.5,28.5,Sudan
19.5,29.25,Sudan
19.5,30.0,Sudan
19.5,30.75,Sudan
19.5,31.5,Sudan
19.5,32.25,Sudan
19.5,33.0,Sudan
19.5,33.75,Sudan
19.5,34.5,Sudan
19.5,35.25,Sudan
19.5,36.0,Sudan
19.5,36.75,Sudan
20.25,-15.75,Mauritania
20.25,-15.0,Mauritania
20.25,-14.25,Mauritania
20.25,-13.5,Mauritania
20.25,-12.75,Mauritania
20.25,-12.0,Mauritania
20.25,-11.25,Mauritania
20.25,-10.5,Mauritania
20.25,-9.75,Mauritania
20.25,-9.0,Mauritania
20.25,-7.5,Mali
20.25,-6.75,Mali
20.25,-6.0,Mali
20.25,-5.25,Mali
20.25,-4.5,Mali
20.25,-3.75,Mali
20.25,-3.0,Mali
20.25,-2.25,Mali
20.25,-1.5,Mali
20.25,-0.75,Mali
20.25,0.0,Mali
20.25,0.75,Mali
20.25,1.5,Mali
20.25,2.25,Algeria
20.25,3.0,Algeria
20.25,3.75,Algeria
20.25,4.5,Algeria
20.25,5.25,Algeria
20.25,6.0,Algeria
20.25,6.75,Niger
20.25,7.5,Niger
20.25,8.25,Niger
20.25,9.0,Niger
20.25,9.75,Niger
20.25,10.5,Niger
20.25,11.25,Niger
20.25,12.0,Niger
20.25,12.75,Niger
20.25,13.5,Niger
20.25,14.25,Niger
20.25,15.0,Niger
20.25,15.75,Chad
20.25,16.5,Chad
20.25,17.25,Chad
20.25,18.0,Chad
20.25,18.75,Chad
20.25,19.5,Chad
20.25,20.25,Chad
20.25,21.0,Chad
20.25,21.75,Chad
20.25,22.5,Libya
20.25,24.0,Libya
20.25,24.75,Libya
20.25,25.5,Libya
20.25,26.25,Sudan
20.25,27.0,Sudan
20.25,27.75,Sudan
20.25,28.5,Sudan
20.25,29.25,Sudan
20.25,30.0,Sudan
20.25,30.75,Sudan
20.25,31.5,Sudan
20.25,32.25,Sudan
20.25,33.0,Sudan
20.25,33.75,Sudan
20.25,34.5,Sudan
20.25,35.25,Sudan
20.25,36.0,Sudan
20.25,36.75,Sudan
21.0,-16.5,Mauritania
21.0,-15.75,Mauritania
21.0,-15.0,Mauritania
21.0,-14.25,Mauritania
21.0,-13.5,Mauritania
21.0,-12.75,Mauritania
21.0,-12.0,Mauritania
21.0,-11.25,Mauritania
21.0,-10.5,Mauritania
21.0,-9.75,Mauritania
21.0,-9.0,Mauritania
21.0,-8.25,Mauritania
21.0,-6.75,Mali
21.0,-6.0,Mali
21.0,-5.25,Mali
21.0,-4.5,Mali
21.0,-3.75,Mali
21.0,-3.0,Mali
21.0,-2.25,Mali
21.0,-1.5,Mali
21.0,-0.75,Mali
21.0,0.0,Mali
21.0,0.75,Mali
21.0,1.5,Algeria
21.0,2.25,Algeria
21.0,3.0,Algeria
21.0,3.75,Algeria
21.0,4.5,Algeria
21.0,5.25,Algeria
21.0,6.0,Algeria
21.0,6.75,Algeria
21.0,7.5,Algeria
21.0,8.25,Niger
21.0,9.0,Niger
21.0,9.75,Niger
21.0,10.5,Niger
21.0,11.25,Niger
21.0,12.0,Niger
21.0,12.75,Niger
21.0,13.5,Niger
21.0,14.25,Niger
21.0,15.0,Niger
21.0,15.75,Chad
21.0,16.5,Chad
21.0,17.25,Chad
21.0,18.0,Chad
21.0,18.75,Chad
21.0,19.5,Chad
21.0,20.25,Chad
21.0,21.0,Libya
21.0,21.75,Libya
21.0,22.5,Libya
21.0,23.25,Libya
21.0,24.0,Libya
21.0,24.75,Libya
21.0,25.5,Libya
21.0,26.25,Egypt
21.0,27.0,Egypt
21.0,27.75,Egypt
21.0,28.5,Sudan
21.0,29.25,Sudan
21.0,30.0,Sudan
21.0,30.75,Sudan
21.0,31.5,Sudan
21.0,32.25,Sudan
21.0,33.0,Sudan
21.0,33.75,Sudan
21.0,34.5,Sudan
21.0,35.25,Sudan
21.0,36.0,Sudan
21.0,36.75,Sudan
21.75,-16.5,Western Sahara
21.75,-15.75,Morocco
21.75,-15.0,Western Sahara
21.75,-14.25,Sahrawi Arab Democratic Republic
21.75,-13.5,Sahrawi Arab Democratic Republic
21.75,-12.75,Mauritania
21.75,-12.0,Mauritania
21.75,-11.25,Mauritania
21.75,-10.5,Mauritania
21.75,-9.75,Mauritania
21.75,-9.0,Mauritania
21.75,-8.25,Mauritania
21.75,-7.5,Mauritania
21.75,-6.75,Mali
21.75,-6.0,Mali
21.75,-5.25,Mali
21.75,-4.5,Mali
21.75,-3.75,Mali
21.75,-3.0,Mali
21.75,-2.25,Mali
21.75,-1.5,Mali
21.75,-0.75,Mali
21.75,0.0,Algeria
21.75,0.75,Algeria
21.75,1.5,Algeria
21.75,2.25,Algeria
21.75,3.0,Algeria
21.75,3.75,Algeria
21.75,4.5,Algeria
21.75,5.25,Algeria
21.75,6.0,Algeria
21.75,6.75,Algeria
21.75,7.5,Algeria
21.75,8.25,Algeria
21.75,9.0,Niger
21.75,9.75,Niger
21.75,10.5,Niger
21.75,11.25,Niger
21.75,12.0,Niger
21.75,12.75,Niger
21.75,13.5,Niger
21.75,14.25,Niger
21.75,15.0,Niger
21.75,15.75,Chad
21.75,16.5,Chad
21.75,17.25,Chad
21.75,18.0,Chad
21.75,18.75,Chad
21.75,19.5,Chad
21.75,20.25,Libya
21.75,21.0,Libya
21.75,21.75,Libya
21.75,22.5,Libya
21.75,23.25,Libya
21.75,24.0,Libya
21.75,24.75,Libya
21.75,25.5,Sudan
21.75,26.25,Egypt
21.75,27.0,Egypt
21.75,27.75,Egypt
21.75,28.5,Egypt
21.75,29.25,Sudan
21.75,30.0,Egypt
21.75,30.75,Sudan
21.75,31.5,Sudan
21.75,32.25,Egypt
21.75,33.0,Sudan
21.75,33.75,Sudan
21.75,34.5,Sudan
21.75,35.25,Sudan
21.75,36.0,Sudan
21.75,36.75,Sudan
22.5,-15.75,Morocco
22.5,-15.0,Morocco
22.5,-14.25,Morocco
22.5,-13.5,Sahrawi Arab Democratic Republic
22.5,-12.75,Mauritania
22.5,-12.0,Mauritania
22.5,-11.25,Mauritania
22.5,-10.5,Mauritania
22.5,-9.75,Mauritania
22.5,-9.0,Mauritania
22.5,-8.25,Mauritania
22.5,-7.5,Mali
22.5,-6.75,Mali
22.5,-6.0,Mali
22.5,-5.25,Mali
22.5,-4.5,Mali
22.5,-3.75,Mali
22.5,-3.0,Mali
22.5,-2.25,Mali
22.5,-1.5,Algeria
22.5,-0.75,Algeria
22.5,0.0,Algeria
22.5,0.75,Algeria
22.5,1.5,Algeria
22.5,2.25,Algeria
22.5,3.0,Algeria
22.5,3.75,Algeria
22.5,4.5,Algeria
22.5,5.25,Algeria
22.5,6.0,Algeria
22.5,6.75,Algeria
22.5,7.5,Algeria
22.5,8.25,Algeria
22.5,9.0,Algeria
22.5,9.75,Algeria
22.5,10.5,Algeria
22.5,11.25,Niger
22.5,12.0,Niger
22.5,12.75,Niger
22.5,13.5,Niger
22.5,14.25,Niger
22.5,15.0,Niger
22.5,15.75,Chad
22.5,16.5,Chad
22.5,17.25,Chad
22.5,18.0,Chad
22.5,18.75,Chad
22.5,19.5,Libya
22.5,20.25,Libya
22.5,21.0,Libya
22.5,21.75,Libya
22.5,23.25,Libya
22.5,24.0,Libya
22.5,24.75,Libya
22.5,25.5,Egypt
22.5,26.25,Egypt
22.5,27.0,Egypt
22.5,27.75,Egypt
22.5,28.5,Egypt
22.5,29.25,Egypt
22.5,30.0,Egypt
22.5,30.75,Egypt
22.5,31.5,Egypt
22.5,32.25,Egypt
22.5,33.0,Egypt
22.5,33.75,Egypt
22.5,34.5,Egypt
22.5,35.25,Egypt
22.5,36.0,Egypt
23.25,-15.75,Western Sahara
23.25,-15.0,Morocco
23.25,-14.25,Morocco
23.25,-13.5,Sahrawi Arab Democratic Republic
23.25,-12.75,Sahrawi Arab Democratic Republic
23.25,-12.0,Mauritania
23.25,-11.25,Mauritania
23.25,-10.5,Mauritania
23.25,-9.75,Mauritania
23.25,-9.0,Mauritania
23.25,-8.25,Mauritania
23.25,-7.5,Mauritania
23.25,-6.75,Mali
23.25,-6.0,Mali
23.25,-5.25,Mali
23.25,-4.5,Mali
23.25,-3.75,Mali
23.25,-3.0,Mali
23.25,-2.25,Algeria
23.25,-1.5,Algeria
23.25,-0.75,Algeria
23.25,0.0,Algeria
23.25,0.75,Algeria
23.25,1.5,Algeria
23.25,2.25,Algeria
23.25,3.0,Algeria
23.25,3.75,Algeria
23.25,4.5,Algeria
23.25,5.25,Algeria
23.25,6.0,Algeria
23.25,6.75,Algeria
23.25,7.5,Algeria
23.25,8.25,Algeria
23.25,9.0,Algeria
23.25,9.75,Algeria
23.25,10.5,Algeria
23.25,11.25,Algeria
23.25,12.0,Niger
23.25,12.75,Niger
23.25,13.5,Niger
23.25,14.25,Libya
23.25,15.0,Libya
23.25,15.75,Libya
23.25,16.5,Chad
23.25,17.25,Chad
23.25,18.0,Chad
23.25,18.75,Chad
23.25,19.5,Libya
23.25,20.25,Libya
23.25,21.0,Libya
23.25,21.75,Libya
23.25,22.5,Libya
23.25,23.25,Libya
23.25,24.0,Libya
23.25,24.75,Libya
23.25,25.5,Egypt
23.25,26.25,Egypt
23.25,27.0,Egypt
23.25,27.75,Egypt
23.25,28.5,Egypt
23.25,29.25,Egypt
23.25,30.0,Egypt
23.25,30.75,Egypt
23.25,31.5,Egypt
23.25,32.25,Egypt
23.25,33.0,Egypt
23.25,33.75,Egypt
23.25,34.5,Egypt
23.25,35.25,Egypt
24.0,-15.0,Western Sahara
24.0,-14.25,Morocco
24.0,-13.5,Morocco
24.0,-12.75,Sahrawi Arab Democratic Republic
24.0,-12.0,Mauritania
24.0,-11.25,Mauritania
24.0,-10.5,Mauritania
24.0,-9.75,Mauritania
24.0,-9.0,Mauritania
24.0,-8.25,Mauritania
24.0,-7.5,Mauritania
24.0,-6.75,Mauritania
24.0,-6.0,Mali
24.0,-5.25,Mali
24.0,-4.5,Mali
24.0,-3.75,Mali
24.0,-3.0,Algeria
24.0,-2.25,Algeria
24.0,-1.5,Algeria
24.0,-0.75,Algeria
24.0,0.0,Algeria
24.0,0.75,Algeria
24.0,1.5,Algeria
24.0,2.25,Algeria
24.0,3.0,Algeria
24.0,3.75,Algeria
24.0,4.5,Algeria
24.0,5.25,Algeria
24.0,6.0,Algeria
24.0,6.75,Algeria
24.0,7.5,Algeria
24.0,8.25,Algeria
24.0,9.0,Algeria
24.0,9.75,Algeria
24.0,10.5,Algeria
24.0,11.25,Algeria
24.0,12.0,Algeria
24.0,12.75,Libya
24.0,13.5,Libya
24.0,14.25,Libya
24.0,15.0,Libya
24.0,15.75,Libya
24.0,16.5,Libya
24.0,17.25,Libya
24.0,18.0,Libya
24.0,18.75,Libya
24.0,19.5,Libya
24.0,21.0,Libya
24.0,21.75,Libya
24.0,22.5,Libya
24.0,23.25,Libya
24.0,24.0,Libya
24.0,24.75,Libya
24.0,25.5,Egypt
24.0,26.25,Egypt
24.0,27.0,Egypt
24.0,27.75,Egypt
24.0,28.5,Egypt
24.0,29.25,Egypt
24.0,30.0,Egypt
24.0,30.75,Egypt
24.0,31.5,Egypt
24.0,32.25,Egypt
24.0,33.0,Egypt
24.0,33.75,Egypt
24.0,34.5,Egypt
24.0,35.25,Egypt
24.75,-14.25,Morocco
24.75,-13.5,Morocco
24.75,-12.75,Morocco
24.75,-12.0,Mauritania
24.75,-11.25,Mauritania
24.75,-10.5,Mauritania
24.75,-9.75,Mauritania
24.75,-9.0,Mauritania
24.75,-8.25,Mauritania
24.75,-7.5,Mauritania
24.75,-6.75,Mali
24.75,-6.0,Mali
24.75,-5.25,Mali
24.75,-4.5,Mali
24.75,-3.75,Algeria
24.75,-3.0,Algeria
24.75,-2.25,Algeria
24.75,-1.5,Algeria
24.75,-0.75,Algeria
24.75,0.0,Algeria
24.75,0.75,Algeria
24.75,1.5,Algeria
24.75,2.25,Algeria
24.75,3.0,Algeria
24.75,3.75,Algeria
24.75,4.5,Algeria
24.75,5.25,Algeria
24.75,6.0,Algeria
24.75,6.75,Algeria
24.75,7.5,Algeria
24.75,8.25,Algeria
24.75,9.0,Algeria
24.75,9.75,Algeria
24.75,10.5,Libya
24.75,11.25,Libya
24.75,12.0,Libya
24.75,12.75,Libya
24.75,13.5,Libya
24.75,14.25,Libya
24.75,15.0,Libya
24.75,15.75,Libya
24.75,16.5,Libya
24.75,17.25,Libya
24.75,18.0,Libya
24.75,18.75,Libya
24.75,20.25,Libya
24.75,21.0,Libya
24.75,21.75,Libya
24.75,22.5,Libya
24.75,23.25,Libya
24.75,24.0,Libya
24.75,26.25,Egypt
24.75,27.0,Egypt
24.75,27.75,Egypt
24.75,28.5,Egypt
24.75,29.25,Egypt
24.75,30.0,Egypt
24.75,30.75,Egypt
24.75,31.5,Egypt
24.75,32.25,Egypt
24.75,33.0,Egypt
24.75,33.75,Egypt
24.75,34.5,Egypt
25.5,-14.25,Western Sahara
25.5,-13.5,Morocco
25.5,-12.75,Morocco
25.5,-12.0,Mauritania
25.5,-11.25,Mauritania
25.5,-10.5,Mauritania
25.5,-9.75,Mauritania
25.5,-9.0,Mauritania
25.5,-8.25,Mauritania
25.5,-7.5,Algeria
25.5,-6.75,Mali
25.5,-6.0,Mauritania
25.5,-5.25,Mauritania
25.5,-4.5,Algeria
25.5,-3.75,Algeria
25.5,-3.0,Algeria
25.5,-2.25,Algeria
25.5,-1.5,Algeria
25.5,-0.75,Algeria
25.5,0.0,Algeria
25.5,0.75,Algeria
25.5,1.5,Algeria
25.5,2.25,Algeria
25.5,3.0,Algeria
25.5,3.75,Algeria
25.5,4.5,Algeria
25.5,5.25,Algeria
25.5,6.0,Algeria
25.5,6.75,Algeria
25.5,7.5,Algeria
25.5,8.25,Algeria
25.5,9.0,Algeria
25.5,9.75,Algeria
25.5,10.5,Libya
25.5,11.25,Libya
25.5,12.0,Libya
25.5,12.75,Libya
25.5,13.5,Libya
25.5,14.25,Libya
25.5,15.0,Libya
25.5,15.75,Libya
25.5,16.5,Libya
25.5,17.25,Libya
25.5,18.0,Libya
25.5,18.75,Libya
25.5,19.5,Libya
25.5,20.25,Libya
25.5,21.0,Libya
25.5,21.75,Libya
25.5,22.5,Libya
25.5,23.25,Libya
25.5,24.0,Libya
25.5,24.75,Libya
25.5,25.5,Libya
25.5,26.25,Egypt
25.5,27.0,Egypt
25.5,27.75,Egypt
25.5,28.5,Egypt
25.5,29.25,Egypt
25.5,30.0,Egypt
25.5,30.75,Egypt
25.5,31.5,Egypt
25.5,32.25,Egypt
25.5,33.0,Egypt
25.5,33.75,Egypt
25.5,34.5,Egypt
26.25,-13.5,Morocco
26.25,-12.75,Morocco
26.25,-12.0,Morocco
26.25,-11.25,Morocco
26.25,-10.5,Sahrawi Arab Democratic Republic
26.25,-9.75,Sahrawi Arab Democratic Republic
26.25,-9.0,Morocco
26.25,-8.25,Algeria
26.25,-7.5,Algeria
26.25,-6.75,Algeria
26.25,-6.0,Algeria
26.25,-5.25,Algeria
26.25,-4.5,Algeria
26.25,-3.75,Algeria
26.25,-3.0,Algeria
26.25,-2.25,Algeria
26.25,-1.5,Algeria
26.25,-0.75,Algeria
26.25,0.0,Algeria
26.25,0.75,Algeria
26.25,1.5,Algeria
26.25,2.25,Algeria
26.25,3.0,Algeria
26.25,3.75,Algeria
26.25,4.5,Algeria
26.25,5.25,Algeria
26.25,6.0,Algeria
26.25,6.75,Algeria
26.25,7.5,Algeria
26.25,8.25,Algeria
26.25,9.0,Algeria
26.25,9.75,Libya
26.25,10.5,Libya
26.25,11.25,Libya
26.25,12.0,Libya
26.25,12.75,Libya
26.25,13.5,Libya
26.25,14.25,Libya
26.25,15.0,Libya
26.25,15.75,Libya
26.25,16.5,Libya
26.25,17.25,Libya
26.25,18.0,Libya
26.25,18.75,Libya
26.25,19.5,Libya
26.25,20.25,Libya
26.25,21.0,Libya
26.25,21.75,Libya
26.25,22.5,Libya
26.25,23.25,Libya
26.25,24.0,Libya
26.25,24.75,Egypt
26.25,25.5,Egypt
26.25,26.25,Egypt
26.25,27.0,Egypt
26.25,27.75,Egypt
26.25,28.5,Egypt
26.25,29.25,Egypt
26.25,30.0,Egypt
26.25,30.75,Egypt
26.25,31.5,Egypt
26.25,32.25,Egypt
26.25,33.0,Egypt
26.25,33.75,Egypt
27.0,-12.75,Western Sahara
27.0,-12.0,Morocco
27.0,-11.25,Morocco
27.0,-10.5,Morocco
27.0,-9.75,Morocco
27.0,-9.0,Morocco
27.0,-8.25,Algeria
27.0,-7.5,Algeria
27.0,-6.75,Algeria
27.0,-6.0,Algeria
27.0,-5.25,Algeria
27.0,-4.5,Algeria
27.0,-3.75,Algeria
27.0,-3.0,Algeria
27.0,-2.25,Algeria
27.0,-1.5,Algeria
27.0,-0.75,Algeria
27.0,0.0,Algeria
27.0,0.75,Algeria
27.0,1.5,Algeria
27.0,2.25,Algeria
27.0,3.0,Algeria
27.0,3.75,Algeria
27.0,4.5,Algeria
27.0,5.25,Algeria
27.0,6.0,Algeria
27.0,6.75,Algeria
27.0,7.5,Algeria
27.0,8.25,Algeria
27.0,9.0,Algeria
27.0,10.5,Libya
27.0,11.25,Libya
27.0,12.0,Libya
27.0,12.75,Libya
27.0,13.5,Libya
27.0,14.25,Libya
27.0,15.0,Libya
27.0,15.75,Libya
27.0,16.5,Libya
27.0,17.25,Libya
27.0,18.0,Libya
27.0,18.75,Libya
27.0,19.5,Libya
27.0,20.25,Libya
27.0,21.0,Libya
27.0,21.75,Libya
27.0,22.5,Libya
27.0,23.25,Libya
27.0,24.0,Libya
27.0,24.75,Egypt
27.0,25.5,Egypt
27.0,26.25,Egypt
27.0,27.0,Egypt
27.0,27.75,Egypt
27.0,28.5,Egypt
27.0,29.25,Egypt
27.0,30.0,Egypt
27.0,30.75,Egypt
27.0,31.5,Egypt
27.0,32.25,Egypt
27.0,33.0,Egypt
27.0,33.75,Egypt
27.75,-12.75,Morocco
27.75,-12.0,Morocco
27.75,-11.25,Morocco
27.75,-10.5,Morocco
27.75,-9.75,Morocco
27.75,-9.0,Morocco
27.75,-8.25,Algeria
27.75,-7.5,Algeria
27.75,-6.75,Algeria
27.75,-6.0,Algeria
27.75,-5.25,Algeria
27.75,-4.5,Algeria
27.75,-3.75,Algeria
27.75,-3.0,Algeria
27.75,-2.25,Algeria
27.75,-1.5,Algeria
27.75,-0.75,Algeria
27.75,0.0,Algeria
27.75,0.75,Algeria
27.75,1.5,Algeria
27.75,2.25,Algeria
27.75,3.0,Algeria
27.75,3.75,Algeria
27.75,4.5,Algeria
27.75,5.25,Algeria
27.75,6.0,Algeria
27.75,6.75,Algeria
27.75,7.5,Algeria
27.75,8.25,Algeria
27.75,9.0,Algeria
27.75,9.75,Algeria
27.75,10.5,Libya
27.75,11.25,Libya
27.75,12.0,Libya
27.75,12.75,Libya
27.75,13.5,Libya
27.75,14.25,Libya
27.75,15.0,Libya
27.75,15.75,Libya
27.75,16.5,Libya
27.75,17.25,Libya
27.75,18.0,Libya
27.75,18.75,Libya
27.75,19.5,Libya
27.75,20.25,Libya
27.75,21.0,Libya
27.75,21.75,Libya
27.75,22.5,Libya
27.75,23.25,Libya
27.75,24.0,Egypt
27.75,24.75,Egypt
27.75,25.5,Egypt
27.75,26.25,Egypt
27.75,27.0,Egypt
27.75,27.75,Egypt
27.75,28.5,Egypt
27.75,29.25,Egypt
27.75,30.0,Egypt
27.75,30.75,Egypt
27.75,31.5,Egypt
27.75,32.25,Egypt
27.75,33.0,Egypt
27.75,33.75,Egypt
27.75,34.5,Egypt
28.5,-10.5,Morocco
28.5,-9.75,Morocco
28.5,-9.0,Morocco
28.5,-8.25,Algeria
28.5,-7.5,Algeria
28.5,-6.75,Algeria
28.5,-6.0,Algeria
28.5,-5.25,Algeria
28.5,-4.5,Algeria
28.5,-3.75,Algeria
28.5,-3.0,Algeria
28.5,-2.25,Algeria
28.5,-1.5,Algeria
28.5,-0.75,Algeria
28.5,0.0,Algeria
28.5,0.75,Algeria
28.5,1.5,Algeria
28.5,2.25,Algeria
28.5,3.0,Algeria
28.5,3.75,Algeria
28.5,4.5,Algeria
28.5,5.25,Algeria
28.5,6.0,Algeria
28.5,6.75,Algeria
28.5,7.5,Algeria
28.5,8.25,Algeria
28.5,9.0,Algeria
28.5,9.75,Algeria
28.5,10.5,Libya
28.5,11.25,Libya
28.5,12.0,Libya
28.5,12.75,Libya
28.5,13.5,Libya
28.5,14.25,Libya
28.5,15.0,Libya
28.5,15.75,Libya
28.5,16.5,Libya
28.5,17.25,Libya
28.5,18.0,Libya
28.5,18.75,Libya
28.5,19.5,Libya
28.5,20.25,Libya
28.5,21.0,Libya
28.5,21.75,Libya
28.5,22.5,Libya
28.5,23.25,Libya
28.5,24.0,Egypt
28.5,24.75,Egypt
28.5,25.5,Egypt
28.5,26.25,Egypt
28.5,27.0,Egypt
28.5,27.75,Egypt
28.5,28.5,Egypt
28.5,29.25,Egypt
28.5,30.0,Egypt
28.5,30.75,Egypt
28.5,31.5,Egypt
28.5,32.25,Egypt
28.5,33.0,Egypt
28.5,33.75,Egypt
28.5,34.5,Egypt
29.25,-9.75,Morocco
29.25,-9.0,Morocco
29.25,-8.25,Morocco
29.25,-7.5,Algeria
29.25,-6.75,Algeria
29.25,-6.0,Algeria
29.25,-5.25,Algeria
29.25,-4.5,Algeria
29.25,-3.75,Algeria
29.25,-3.0,Algeria
29.25,-2.25,Algeria
29.25,-1.5,Algeria
29.25,-0.75,Algeria
29.25,0.0,Algeria
29.25,0.75,Algeria
29.25,1.5,Algeria
29.25,2.25,Algeria
29.25,3.0,Algeria
29.25,3.75,Algeria
29.25,4.5,Algeria
29.25,5.25,Algeria
29.25,6.0,Algeria
29.25,6.75,Algeria
29.25,7.5,Algeria
29.25,8.25,Algeria
29.25,9.0,Algeria
29.25,9.75,Algeria
29.25,10.5,Libya
29.25,11.25,Libya
29.25,12.0,Libya
29.25,12.75,Libya
29.25,13.5,Libya
29.25,14.25,Libya
29.25,15.0,Libya
29.25,15.75,Libya
29.25,16.5,Libya
29.25,17.25,Libya
29.25,18.0,Libya
29.25,18.75,Libya
29.25,19.5,Libya
29.25,20.25,Libya
29.25,21.0,Libya
29.25,21.75,Libya
29.25,22.5,Libya
29.25,23.25,Libya
29.25,24.0,Libya
29.25,24.75,Egypt
29.25,25.5,Egypt
29.25,26.25,Egypt
29.25,27.0,Egypt
29.25,27.75,Egypt
29.25,28.5,Egypt
29.25,29.25,Egypt
29.25,30.0,Egypt
29.25,30.75,Egypt
29.25,31.5,Egypt
29.25,32.25,Egypt
29.25,33.0,Egypt
29.25,33.75,Egypt
29.25,34.5,Egypt
30.0,-9.75,Morocco
30.0,-9.0,Morocco
30.0,-8.25,Morocco
30.0,-7.5,Morocco
30.0,-6.75,Morocco
30.0,-6.0,Morocco
30.0,-5.25,Morocco
30.0,-4.5,Algeria
30.0,-3.75,Algeria
30.0,-3.0,Algeria
30.0,-2.25,Algeria
30.0,-1.5,Algeria
30.0,-0.75,Algeria
30.0,0.0,Algeria
30.0,0.75,Algeria
30.0,1.5,Algeria
30.0,2.25,Algeria
30.0,3.0,Algeria
30.0,3.75,Algeria
30.0,4.5,Algeria
30.0,5.25,Algeria
30.0,6.0,Algeria
30.0,6.75,Algeria
30.0,7.5,Algeria
30.0,8.25,Algeria
30.0,9.0,Algeria
30.0,9.75,Libya
30.0,10.5,Libya
30.0,11.25,Libya
30.0,12.0,Libya
30.0,12.75,Libya
30.0,13.5,Libya
30.0,14.25,Libya
30.0,15.0,Libya
30.0,15.75,Libya
30.0,16.5,Libya
30.0,17.25,Libya
30.0,18.0,Libya
30.0,18.75,Libya
30.0,19.5,Libya
30.0,20.25,Libya
30.0,21.0,Libya
30.0,21.75,Libya
30.0,22.5,Libya
30.0,23.25,Libya
30.0,24.0,Libya
30.0,24.75,Egypt
30.0,25.5,Egypt
30.0,26.25,Egypt
30.0,27.0,Egypt
30.0,27.75,Egypt
30.0,28.5,Egypt
30.0,29.25,Egypt
30.0,30.0,Egypt
30.0,30.75,Egypt
30.0,31.5,Egypt
30.0,32.25,Egypt
30.0,33.0,Egypt
30.0,33.75,Egypt
30.0,34.5,Egypt
30.75,-9.75,Morocco
30.75,-9.0,Morocco
30.75,-8.25,Morocco
30.75,-7.5,Morocco
30.75,-6.75,Morocco
30.75,-6.0,Morocco
30.75,-5.25,Morocco
30.75,-4.5,Morocco
30.75,-3.75,Morocco
30.75,-3.0,Algeria
30.75,-2.25,Algeria
30.75,-1.5,Algeria
30.75,-0.75,Algeria
30.75,0.0,Algeria
30.75,0.75,Algeria
30.75,1.5,Algeria
30.75,2.25,Algeria
30.75,3.0,Algeria
30.75,3.75,Algeria
30.75,4.5,Algeria
30.75,5.25,Algeria
30.75,6.0,Algeria
30.75,6.75,Algeria
30.75,7.5,Algeria
30.75,8.25,Algeria
30.75,9.0,Algeria
30.75,9.75,Tunisia
30.75,10.5,Libya
30.75,11.25,Libya
30.75,12.0,Libya
30.75,12.75,Libya
30.75,13.5,Libya
30.75,14.25,Libya
30.75,15.0,Libya
30.75,15.75,Libya
30.75,16.5,Libya
30.75,17.25,Libya
30.75,18.0,Libya
30.75,18.75,Libya
30.75,19.5,Libya
30.75,20.25,Libya
30.75,21.0,Libya
30.75,21.75,Libya
30.75,22.5,Libya
30.75,23.25,Libya
30.75,24.0,Libya
30.75,24.75,Egypt
30.75,25.5,Egypt
30.75,26.25,Egypt
30.75,27.0,Egypt
30.75,27.75,Egypt
30.75,28.5,Egypt
30.75,29.25,Egypt
30.75,30.0,Egypt
30.75,30.75,Egypt
30.75,31.5,Egypt
30.75,32.25,Egypt
30.75,33.0,Egypt
30.75,33.75,Egypt
31.5,-9.75,Morocco
31.5,-9.0,Morocco
31.5,-8.25,Morocco
31.5,-7.5,Morocco
31.5,-6.75,Morocco
31.5,-6.0,Morocco
31.5,-5.25,Morocco
31.5,-4.5,Morocco
31.5,-3.75,Morocco
31.5,-3.0,Algeria
31.5,-2.25,Algeria
31.5,-1.5,Algeria
31.5,-0.75,Algeria
31.5,0.0,Algeria
31.5,0.75,Algeria
31.5,1.5,Algeria
31.5,2.25,Algeria
31.5,3.0,Algeria
31.5,3.75,Algeria
31.5,4.5,Algeria
31.5,5.25,Algeria
31.5,6.0,Algeria
31.5,6.75,Algeria
31.5,7.5,Algeria
31.5,8.25,Algeria
31.5,9.0,Algeria
31.5,9.75,Tunisia
31.5,10.5,Libya
31.5,11.25,Libya
31.5,12.0,Libya
31.5,12.75,Libya
31.5,13.5,Libya
31.5,14.25,Libya
31.5,15.0,Libya
31.5,15.75,Libya
31.5,16.5,Libya
31.5,17.25,Libya
31.5,18.0,Libya
31.5,18.75,Libya
31.5,20.25,Libya
31.5,21.0,Libya
31.5,21.75,Libya
31.5,22.5,Libya
31.5,23.25,Libya
31.5,24.0,Libya
31.5,24.75,Libya
31.5,25.5,Egypt
31.5,26.25,Egypt
31.5,27.0,Egypt
31.5,27.75,Egypt
31.5,28.5,Egypt
31.5,29.25,Egypt
31.5,30.0,Egypt
31.5,30.75,Egypt
32.25,-9.0,Morocco
32.25,-8.25,Morocco
32.25,-7.5,Morocco
32.25,-6.75,Morocco
32.25,-6.0,Morocco
32.25,-5.25,Morocco
32.25,-4.5,Morocco
32.25,-3.75,Morocco
32.25,-3.0,Morocco
32.25,-2.25,Morocco
32.25,-1.5,Morocco
32.25,-0.75,Algeria
32.25,0.0,Algeria
32.25,0.75,Algeria
32.25,1.5,Algeria
32.25,2.25,Algeria
32.25,3.0,Algeria
32.25,3.75,Algeria
32.25,4.5,Algeria
32.25,5.25,Algeria
32.25,6.0,Algeria
32.25,6.75,Algeria
32.25,7.5,Algeria
32.25,8.25,Algeria
32.25,9.0,Tunisia
32.25,9.75,Tunisia
32.25,10.5,Tunisia
32.25,11.25,Tunisia
32.25,12.0,Libya
32.25,12.75,Libya
32.25,13.5,Libya
32.25,14.25,Libya
32.25,15.0,Libya
32.25,15.75,Libya
32.25,16.5,Libya
32.25,17.25,Libya
32.25,18.0,Libya
32.25,18.75,Libya
32.25,19.5,Libya
32.25,20.25,Libya
32.25,21.0,Libya
32.25,21.75,Libya
32.25,22.5,Libya
32.25,23.25,Libya
33.0,-8.25,Morocco
33.0,-7.5,Morocco
33.0,-6.75,Morocco
33.0,-6.0,Morocco
33.0,-5.25,Morocco
33.0,-4.5,Morocco
33.0,-3.75,Morocco
33.0,-3.0,Morocco
33.0,-2.25,Morocco
33.0,-1.5,Algeria
33.0,-0.75,Algeria
33.0,0.0,Algeria
33.0,0.75,Algeria
33.0,1.5,Algeria
33.0,2.25,Algeria
33.0,3.0,Algeria
33.0,3.75,Algeria
33.0,4.5,Algeria
33.0,5.25,Algeria
33.0,6.0,Algeria
33.0,6.75,Algeria
33.0,7.5,Algeria
33.0,8.25,Algeria
33.0,9.0,Tunisia
33.0,9.75,Tunisia
33.0,10.5,Tunisia
33.0,11.25,Tunisia
33.0,12.0,Libya
33.75,-6.75,Morocco
33.75,-6.0,Morocco
33.75,-5.25,Morocco
33.75,-4.5,Morocco
33.75,-3.75,Morocco
33.75,-3.0,Morocco
33.75,-2.25,Morocco
33.75,-1.5,Algeria
33.75,-0.75,Algeria
33.75,0.0,Algeria
33.75,0.75,Algeria
33.75,1.5,Algeria
33.75,2.25,Algeria
33.75,3.0,Algeria
33.75,3.75,Algeria
33.75,4.5,Algeria
33.75,5.25,Algeria
33.75,6.0,Algeria
33.75,6.75,Algeria
33.75,7.5,Algeria
33.75,8.25,Tunisia
33.75,9.0,Tunisia
33.75,9.75,Tunisia
34.5,-6.0,Morocco
34.5,-5.25,Morocco
34.5,-4.5,Morocco
34.5,-3.75,Morocco
34.5,-3.0,Morocco
34.5,-2.25,Morocco
34.5,-1.5,Algeria
34.5,-0.75,Algeria
34.5,0.0,Algeria
34.5,0.75,Algeria
34.5,1.5,Algeria
34.5,2.25,Algeria
34.5,3.0,Algeria
34.5,3.75,Algeria
34.5,4.5,Algeria
34.5,5.25,Algeria
34.5,6.0,Algeria
34.5,6.75,Algeria
34.5,7.5,Algeria
34.5,8.25,Tunisia
34.5,9.0,Tunisia
34.5,9.75,Tunisia
34.5,10.5,Tunisia
35.25,-6.0,Morocco
35.25,-5.25,Morocco
35.25,-1.5,Algeria
35.25,-0.75,Algeria
35.25,0.0,Algeria
35.25,0.75,Algeria
35.25,1.5,Algeria
35.25,2.25,Algeria
35.25,3.0,Algeria
35.25,3.75,Algeria
35.25,4.5,Algeria
35.25,5.25,Algeria
35.25,6.0,Algeria
35.25,6.75,Algeria
35.25,7.5,Algeria
35.25,8.25,Algeria
35.25,9.0,Tunisia
35.25,9.75,Tunisia
35.25,10.5,Tunisia
36.0,0.75,Algeria
36.0,1.5,Algeria
36.0,2.25,Algeria
36.0,3.0,Algeria
36.0,3.75,Algeria
36.0,4.5,Algeria
36.0,5.25,Algeria
36.0,6.0,Algeria
36.0,6.75,Algeria
36.0,7.5,Algeria
36.0,8.25,Algeria
36.0,9.0,Tunisia
36.0,9.75,Tunisia
36.0,10.5,Tunisia
36.75,6.0,Algeria
36.75,6.75,Algeria
36.75,7.5,Algeria
36.75,8.25,Algeria
36.75,9.0,Tunisia
36.75,9.75,Tunisia
36.75,10.5,Tunisia
